BATTING,DISMISSAL,RUNS,BALLS,MINUTES,FOURS,SIXES,STRICK RATE,BATTING_POSITION,MATCH_ID,MATCH,BATTING_TEAM
Jonny Bairstow,c Mitchell b Santner,33,35,57,4,1,94.28,1,ODI # 4658,England-vs-New-Zealand,England
Dawid Malan,c  wk Latham b Henry,14,24,36,2,0,58.33,2,ODI # 4658,England-vs-New-Zealand,England
Joe Root,b Phillips,77,86,140,4,1,89.53,3,ODI # 4658,England-vs-New-Zealand,England
Harry Brook,c Conway b Ravindra,25,16,20,4,1,156.25,4,ODI # 4658,England-vs-New-Zealand,England
Moeen Ali,b Phillips,11,17,20,1,0,64.7,5,ODI # 4658,England-vs-New-Zealand,England
Jos Buttler(c) wk ,c  wk Latham b Henry,43,42,48,2,2,102.38,6,ODI # 4658,England-vs-New-Zealand,England
Liam Livingstone,c Henry b Boult,20,22,23,3,0,90.9,7,ODI # 4658,England-vs-New-Zealand,England
Sam Curran,c  wk Latham b Henry,14,19,30,0,0,73.68,8,ODI # 4658,England-vs-New-Zealand,England
Chris Woakes,c Young b Santner,11,12,15,1,0,91.66,9,ODI # 4658,England-vs-New-Zealand,England
Adil Rashid,not out,15,13,23,0,1,115.38,10,ODI # 4658,England-vs-New-Zealand,England
Mark Wood,not out,13,14,19,0,0,92.85,11,ODI # 4658,England-vs-New-Zealand,England
Devon Conway,not out,152,121,147,19,3,125.61,1,ODI # 4658,England-vs-New-Zealand,New-Zealand
Will Young,c  wk Buttler b Curran,0,1,5,0,0,0,2,ODI # 4658,England-vs-New-Zealand,New-Zealand
Rachin Ravindra,not out,123,96,141,11,5,128.12,3,ODI # 4658,England-vs-New-Zealand,New-Zealand
Fakhar Zaman,c & b van Beek,12,15,14,3,0,80,1,ODI # 4659,Netherlands-vs-Pakistan,Pakistan
Imam-ul-Haq,c Dutt b van Meekeren,15,19,40,2,0,78.94,2,ODI # 4659,Netherlands-vs-Pakistan,Pakistan
Babar Azam(c),c Saqib Zulfiqar b Ackermann,5,18,20,0,0,27.77,3,ODI # 4659,Netherlands-vs-Pakistan,Pakistan
Mohammad Rizwan wk ,b de Leede,68,75,104,8,0,90.66,4,ODI # 4659,Netherlands-vs-Pakistan,Pakistan
Saud Shakeel,c Saqib Zulfiqar b Dutt,68,52,84,9,1,130.76,5,ODI # 4659,Netherlands-vs-Pakistan,Pakistan
Iftikhar Ahmed,c  wk Edwards b de Leede,9,11,22,1,0,81.81,6,ODI # 4659,Netherlands-vs-Pakistan,Pakistan
Mohammad Nawaz,run out (van Meekeren/Ackermann),39,43,66,4,0,90.69,7,ODI # 4659,Netherlands-vs-Pakistan,Pakistan
Shadab Khan,b de Leede,32,34,42,2,1,94.11,8,ODI # 4659,Netherlands-vs-Pakistan,Pakistan
Hasan Ali,lbw b de Leede,0,1,2,0,0,0,9,ODI # 4659,Netherlands-vs-Pakistan,Pakistan
Shaheen Shah Afridi,not out,13,12,23,2,0,108.33,10,ODI # 4659,Netherlands-vs-Pakistan,Pakistan
Haris Rauf,st  wk Edwards b Ackermann,16,14,10,2,1,114.28,11,ODI # 4659,Netherlands-vs-Pakistan,Pakistan
Vikramjit Singh,c Fakhar Zaman b Shadab Khan,52,67,97,4,1,77.61,1,ODI # 4659,Netherlands-vs-Pakistan,Netherlands
Max O'Dowd,c Shaheen Shah Afridi b Hasan Ali,5,12,24,1,0,41.66,2,ODI # 4659,Netherlands-vs-Pakistan,Netherlands
Colin Ackermann,b Iftikhar Ahmed,17,21,24,3,0,80.95,3,ODI # 4659,Netherlands-vs-Pakistan,Netherlands
Bas de Leede,b Mohammad Nawaz,67,68,92,6,2,98.52,4,ODI # 4659,Netherlands-vs-Pakistan,Netherlands
Teja Nidamanuru,c Fakhar Zaman b Haris Rauf,5,9,10,1,0,55.55,5,ODI # 4659,Netherlands-vs-Pakistan,Netherlands
Scott Edwards(c) wk ,lbw b Haris Rauf,0,2,2,0,0,0,6,ODI # 4659,Netherlands-vs-Pakistan,Netherlands
Saqib Zulfiqar,lbw b Shaheen Shah Afridi,10,18,24,1,0,55.55,7,ODI # 4659,Netherlands-vs-Pakistan,Netherlands
Roelof van der Merwe,run out (Babar Azam/ wk Mohammad Rizwan),4,7,18,0,0,57.14,8,ODI # 4659,Netherlands-vs-Pakistan,Netherlands
Logan van Beek,not out,28,28,36,3,1,100,9,ODI # 4659,Netherlands-vs-Pakistan,Netherlands
Aryan Dutt,b Hasan Ali,1,2,6,0,0,50,10,ODI # 4659,Netherlands-vs-Pakistan,Netherlands
Paul van Meekeren,b Haris Rauf,7,12,17,1,0,58.33,11,ODI # 4659,Netherlands-vs-Pakistan,Netherlands
Rahmanullah Gurbaz wk ,c Tanzid Hasan b Mustafizur Rahman,47,62,112,4,1,75.8,1,ODI # 4660,Afghanistan-vs-Bangladesh,Afghanistan
Ibrahim Zadran,c Tanzid Hasan b Shakib Al Hasan,22,25,41,3,1,88,2,ODI # 4660,Afghanistan-vs-Bangladesh,Afghanistan
Rahmat Shah,c Litton Das b Shakib Al Hasan,18,25,30,1,0,72,3,ODI # 4660,Afghanistan-vs-Bangladesh,Afghanistan
Hashmatullah Shahidi(c),c Towhid Hridoy b Mehidy Hasan Miraz,18,38,34,2,0,47.36,4,ODI # 4660,Afghanistan-vs-Bangladesh,Afghanistan
Najibullah Zadran,b Shakib Al Hasan,5,13,16,0,0,38.46,5,ODI # 4660,Afghanistan-vs-Bangladesh,Afghanistan
Mohammad Nabi,b Taskin Ahmed,6,12,19,0,0,50,6,ODI # 4660,Afghanistan-vs-Bangladesh,Afghanistan
Azmatullah Omarzai,b Shoriful Islam,22,20,32,4,0,110,7,ODI # 4660,Afghanistan-vs-Bangladesh,Afghanistan
Rashid Khan,b Mehidy Hasan Miraz,9,16,16,1,0,56.25,8,ODI # 4660,Afghanistan-vs-Bangladesh,Afghanistan
Mujeeb Ur Rahman,b Mehidy Hasan Miraz,1,4,9,0,0,25,9,ODI # 4660,Afghanistan-vs-Bangladesh,Afghanistan
Naveen-ul-Haq,c Towhid Hridoy b Shoriful Islam,0,6,8,0,0,0,10,ODI # 4660,Afghanistan-vs-Bangladesh,Afghanistan
Fazalhaq Farooqi,not out,0,3,3,0,0,0,11,ODI # 4660,Afghanistan-vs-Bangladesh,Afghanistan
Tanzid Hasan,run out (Najibullah Zadran),5,13,19,1,0,38.46,1,ODI # 4660,Afghanistan-vs-Bangladesh,Bangladesh
Litton Das,b Fazalhaq Farooqi,13,18,29,2,0,72.22,2,ODI # 4660,Afghanistan-vs-Bangladesh,Bangladesh
Mehidy Hasan Miraz,c Rahmat Shah b Naveen-ul-Haq,57,73,89,5,0,78.08,3,ODI # 4660,Afghanistan-vs-Bangladesh,Bangladesh
Najmul Hossain Shanto,not out,59,83,112,3,1,71.08,4,ODI # 4660,Afghanistan-vs-Bangladesh,Bangladesh
Shakib Al Hasan(c),c Fazalhaq Farooqi b Azmatullah Omarzai,14,19,24,2,0,73.68,5,ODI # 4660,Afghanistan-vs-Bangladesh,Bangladesh
Mushfiqur Rahim wk ,not out,2,3,6,0,0,66.66,6,ODI # 4660,Afghanistan-vs-Bangladesh,Bangladesh
Quinton de Kock wk ,c de Silva b Pathirana,100,84,140,12,3,119.04,1,ODI # 4661,South-Africa-vs-Sri-Lanka,South-Africa
Temba Bavuma(c),lbw b Madushanka,8,5,9,2,0,160,2,ODI # 4661,South-Africa-vs-Sri-Lanka,South-Africa
Rassie van der Dussen,c Samarawickrama b Wellalage,108,110,161,13,2,98.18,3,ODI # 4661,South-Africa-vs-Sri-Lanka,South-Africa
Aiden Markram,c Rajitha b Madushanka,106,54,84,14,3,196.29,4,ODI # 4661,South-Africa-vs-Sri-Lanka,South-Africa
Heinrich Klaasen,c Shanaka b Rajitha,32,20,30,1,3,160,5,ODI # 4661,South-Africa-vs-Sri-Lanka,South-Africa
David Miller,not out,39,21,36,3,2,185.71,6,ODI # 4661,South-Africa-vs-Sri-Lanka,South-Africa
Marco Jansen,not out,12,7,15,0,1,171.42,7,ODI # 4661,South-Africa-vs-Sri-Lanka,South-Africa
Pathum Nissanka,b Jansen,0,3,6,0,0,0,1,ODI # 4661,South-Africa-vs-Sri-Lanka,Sri-Lanka
Kusal Perera,b Jansen,7,15,42,1,0,46.66,2,ODI # 4661,South-Africa-vs-Sri-Lanka,Sri-Lanka
Kusal Mendis wk ,c  wk Klaasen b Rabada,76,42,55,4,8,180.95,3,ODI # 4661,South-Africa-vs-Sri-Lanka,Sri-Lanka
Sadeera Samarawickrama,c Jansen b Coetzee,23,19,22,3,1,121.05,4,ODI # 4661,South-Africa-vs-Sri-Lanka,Sri-Lanka
Charith Asalanka,c sub (RR Hendricks) b Ngidi,79,65,83,8,4,121.53,5,ODI # 4661,South-Africa-vs-Sri-Lanka,Sri-Lanka
Dhananjaya de Silva,c sub (AL Phehlukwayo) b Maharaj,11,14,28,1,0,78.57,6,ODI # 4661,South-Africa-vs-Sri-Lanka,Sri-Lanka
Dasun Shanaka(c),b Maharaj,68,62,86,6,3,109.67,7,ODI # 4661,South-Africa-vs-Sri-Lanka,Sri-Lanka
Dunith Wellalage,c  wk Klaasen b Coetzee,0,1,2,0,0,0,8,ODI # 4661,South-Africa-vs-Sri-Lanka,Sri-Lanka
Kasun Rajitha,c Markram b Coetzee,33,31,52,4,1,106.45,9,ODI # 4661,South-Africa-vs-Sri-Lanka,Sri-Lanka
Matheesha Pathirana,b Rabada,5,16,25,1,0,31.25,10,ODI # 4661,South-Africa-vs-Sri-Lanka,Sri-Lanka
Dilshan Madushanka,not out,4,2,4,1,0,200,11,ODI # 4661,South-Africa-vs-Sri-Lanka,Sri-Lanka
David Warner,c & b Kuldeep Yadav,41,52,76,6,0,78.84,1,ODI # 4662,India-vs-Australia,Australia
Mitchell Marsh,c Kohli b Bumrah,0,6,11,0,0,0,2,ODI # 4662,India-vs-Australia,Australia
Steven Smith,b Jadeja,46,71,112,5,0,64.78,3,ODI # 4662,India-vs-Australia,Australia
Marnus Labuschagne,c  wk Rahul b Jadeja,27,41,58,1,0,65.85,4,ODI # 4662,India-vs-Australia,Australia
Glenn Maxwell,b Kuldeep Yadav,15,25,44,1,0,60,5,ODI # 4662,India-vs-Australia,Australia
Alex Carey wk ,lbw b Jadeja,0,2,1,0,0,0,6,ODI # 4662,India-vs-Australia,Australia
Cameron Green,c Pandya b Ashwin,8,20,31,0,0,40,7,ODI # 4662,India-vs-Australia,Australia
Pat Cummins(c),c Iyer b Bumrah,15,24,26,1,1,62.5,8,ODI # 4662,India-vs-Australia,Australia
Mitchell Starc,c Iyer b Mohammed Siraj,28,35,58,2,1,80,9,ODI # 4662,India-vs-Australia,Australia
Adam Zampa,c Kohli b Pandya,6,20,28,0,0,30,10,ODI # 4662,India-vs-Australia,Australia
Josh Hazlewood,not out,1,1,6,0,0,100,11,ODI # 4662,India-vs-Australia,Australia
Rohit Sharma(c),lbw b Hazlewood,0,6,10,0,0,0,1,ODI # 4662,India-vs-Australia,India
Ishan Kishan,c Green b Starc,0,1,3,0,0,0,2,ODI # 4662,India-vs-Australia,India
Virat Kohli,c Labuschagne b Hazlewood,85,116,171,6,0,73.27,3,ODI # 4662,India-vs-Australia,India
Shreyas Iyer,c Warner b Hazlewood,0,3,2,0,0,0,4,ODI # 4662,India-vs-Australia,India
KL Rahul wk ,not out,97,115,180,8,2,84.34,5,ODI # 4662,India-vs-Australia,India
Hardik Pandya,not out,11,8,17,0,1,137.5,6,ODI # 4662,India-vs-Australia,India
Devon Conway,c de Leede b van der Merwe,32,40,51,5,1,80,1,ODI # 4663,Netherlands-vs-New-Zealand,New-Zealand
Will Young,c de Leede b van Meekeren,70,80,106,7,2,87.5,2,ODI # 4663,Netherlands-vs-New-Zealand,New-Zealand
Rachin Ravindra,c  wk Edwards b van der Merwe,51,51,87,3,1,100,3,ODI # 4663,Netherlands-vs-New-Zealand,New-Zealand
Daryl Mitchell,b van Meekeren,48,47,67,5,2,102.12,4,ODI # 4663,Netherlands-vs-New-Zealand,New-Zealand
Tom Latham(c) wk ,st  wk Edwards b Dutt,53,46,72,6,1,115.21,5,ODI # 4663,Netherlands-vs-New-Zealand,New-Zealand
Glenn Phillips,c  wk Edwards b de Leede,4,4,6,1,0,100,6,ODI # 4663,Netherlands-vs-New-Zealand,New-Zealand
Mark Chapman,c van der Merwe b Dutt,5,13,11,0,0,38.46,7,ODI # 4663,Netherlands-vs-New-Zealand,New-Zealand
Mitchell Santner,not out,36,17,25,3,2,211.76,8,ODI # 4663,Netherlands-vs-New-Zealand,New-Zealand
Matt Henry,not out,10,4,6,0,1,250,9,ODI # 4663,Netherlands-vs-New-Zealand,New-Zealand
Vikramjit Singh,b Henry,12,20,22,1,0,60,1,ODI # 4663,Netherlands-vs-New-Zealand,Netherlands
Max O'Dowd,lbw b Santner,16,31,40,2,0,51.61,2,ODI # 4663,Netherlands-vs-New-Zealand,Netherlands
Colin Ackermann,c Henry b Santner,69,73,98,5,0,94.52,3,ODI # 4663,Netherlands-vs-New-Zealand,Netherlands
Bas de Leede,c Boult b Ravindra,18,25,21,3,0,72,4,ODI # 4663,Netherlands-vs-New-Zealand,Netherlands
Teja Nidamanuru,run out (Ferguson/ wk Latham),21,26,28,2,1,80.76,5,ODI # 4663,Netherlands-vs-New-Zealand,Netherlands
Scott Edwards(c) wk ,c & b Santner,30,27,37,2,1,111.11,6,ODI # 4663,Netherlands-vs-New-Zealand,Netherlands
Sybrand Engelbrecht,c Conway b Henry,29,34,55,3,0,85.29,7,ODI # 4663,Netherlands-vs-New-Zealand,Netherlands
Roelof van der Merwe,c Henry b Santner,1,6,9,0,0,16.66,8,ODI # 4663,Netherlands-vs-New-Zealand,Netherlands
Ryan Klein,lbw b Santner,8,15,23,0,0,53.33,9,ODI # 4663,Netherlands-vs-New-Zealand,Netherlands
Aryan Dutt,b Henry,11,20,19,0,1,55,10,ODI # 4663,Netherlands-vs-New-Zealand,Netherlands
Paul van Meekeren,not out,4,3,5,1,0,133.33,11,ODI # 4663,Netherlands-vs-New-Zealand,Netherlands
Jonny Bairstow,b Shakib Al Hasan,52,59,80,8,0,88.13,1,ODI # 4664,Bangladesh-vs-England,England
Dawid Malan,b Mahedi Hasan,140,107,106,16,5,130.84,2,ODI # 4664,Bangladesh-vs-England,England
Joe Root,c  wk Mushfiqur Rahim b Shoriful Islam,82,68,107,8,1,120.58,3,ODI # 4664,Bangladesh-vs-England,England
Jos Buttler(c) wk ,b Shoriful Islam,20,10,11,1,1,200,4,ODI # 4664,Bangladesh-vs-England,England
Harry Brook,c Litton Das b Mahedi Hasan,20,15,23,3,0,133.33,5,ODI # 4664,Bangladesh-vs-England,England
Liam Livingstone,b Shoriful Islam,0,1,1,0,0,0,6,ODI # 4664,Bangladesh-vs-England,England
Sam Curran,c Najmul Hossain Shanto b Mahedi Hasan,11,15,20,1,0,73.33,7,ODI # 4664,Bangladesh-vs-England,England
Chris Woakes,c Mahedi Hasan b Taskin Ahmed,14,11,21,2,0,127.27,8,ODI # 4664,Bangladesh-vs-England,England
Adil Rashid,c Najmul Hossain Shanto b Mahedi Hasan,11,7,8,1,0,157.14,9,ODI # 4664,Bangladesh-vs-England,England
Mark Wood,not out,6,5,6,1,0,120,10,ODI # 4664,Bangladesh-vs-England,England
Reece Topley,not out,1,2,2,0,0,50,11,ODI # 4664,Bangladesh-vs-England,England
Litton Das,c  wk Buttler b Woakes,76,66,99,7,2,115.15,1,ODI # 4664,Bangladesh-vs-England,Bangladesh
Tanzid Hasan,c Bairstow b Topley,1,2,7,0,0,50,2,ODI # 4664,Bangladesh-vs-England,Bangladesh
Najmul Hossain Shanto,c Livingstone b Topley,0,1,1,0,0,0,3,ODI # 4664,Bangladesh-vs-England,Bangladesh
Shakib Al Hasan(c),b Topley,1,9,16,0,0,11.11,4,ODI # 4664,Bangladesh-vs-England,Bangladesh
Mehidy Hasan Miraz,c  wk Buttler b Woakes,8,7,12,1,0,114.28,5,ODI # 4664,Bangladesh-vs-England,Bangladesh
Mushfiqur Rahim wk ,c Rashid b Topley,51,64,93,4,0,79.68,6,ODI # 4664,Bangladesh-vs-England,Bangladesh
Towhid Hridoy,c  wk Buttler b Livingstone,39,61,70,2,0,63.93,7,ODI # 4664,Bangladesh-vs-England,Bangladesh
Mahedi Hasan,b Rashid,14,32,39,1,0,43.75,8,ODI # 4664,Bangladesh-vs-England,Bangladesh
Taskin Ahmed,b Curran,15,25,35,0,1,60,9,ODI # 4664,Bangladesh-vs-England,Bangladesh
Shoriful Islam,b Wood,12,14,17,2,0,85.71,10,ODI # 4664,Bangladesh-vs-England,Bangladesh
Mustafizur Rahman,not out,3,9,12,0,0,33.33,11,ODI # 4664,Bangladesh-vs-England,Bangladesh
Pathum Nissanka,c Abdullah Shafique b Shadab Khan,51,61,79,7,1,83.6,1,ODI # 4665,Pakistan-vs-Sri-Lanka,Sri-Lanka
Kusal Perera,c  wk Mohammad Rizwan b Hasan Ali,0,4,7,0,0,0,2,ODI # 4665,Pakistan-vs-Sri-Lanka,Sri-Lanka
Kusal Mendis wk ,c Imam-ul-Haq b Hasan Ali,122,77,124,14,6,158.44,3,ODI # 4665,Pakistan-vs-Sri-Lanka,Sri-Lanka
Sadeera Samarawickrama,c  wk Mohammad Rizwan b Hasan Ali,108,89,139,11,2,121.34,4,ODI # 4665,Pakistan-vs-Sri-Lanka,Sri-Lanka
Charith Asalanka,c  wk Mohammad Rizwan b Hasan Ali,1,3,5,0,0,33.33,5,ODI # 4665,Pakistan-vs-Sri-Lanka,Sri-Lanka
Dhananjaya de Silva,c Shaheen Shah Afridi b Mohammad Nawaz,25,34,47,3,0,73.52,6,ODI # 4665,Pakistan-vs-Sri-Lanka,Sri-Lanka
Dasun Shanaka(c),c Babar Azam b Shaheen Shah Afridi,12,18,23,0,0,66.66,7,ODI # 4665,Pakistan-vs-Sri-Lanka,Sri-Lanka
Dunith Wellalage,c Abdullah Shafique b Haris Rauf,10,8,18,1,0,125,8,ODI # 4665,Pakistan-vs-Sri-Lanka,Sri-Lanka
Maheesh Theekshana,b Haris Rauf,0,4,6,0,0,0,9,ODI # 4665,Pakistan-vs-Sri-Lanka,Sri-Lanka
Matheesha Pathirana,not out,1,3,3,0,0,33.33,10,ODI # 4665,Pakistan-vs-Sri-Lanka,Sri-Lanka
Abdullah Shafique,c sub (MADI Hemantha) b Pathirana,113,103,150,10,3,109.7,1,ODI # 4665,Pakistan-vs-Sri-Lanka,Pakistan
Imam-ul-Haq,c Perera b Madushanka,12,12,15,1,0,100,2,ODI # 4665,Pakistan-vs-Sri-Lanka,Pakistan
Babar Azam(c),c  wk Samarawickrama b Madushanka,10,15,17,1,0,66.66,3,ODI # 4665,Pakistan-vs-Sri-Lanka,Pakistan
Mohammad Rizwan wk ,not out,131,121,193,8,3,108.26,4,ODI # 4665,Pakistan-vs-Sri-Lanka,Pakistan
Saud Shakeel,c Wellalage b Theekshana,31,30,57,2,0,103.33,5,ODI # 4665,Pakistan-vs-Sri-Lanka,Pakistan
Iftikhar Ahmed,not out,22,10,18,4,0,220,6,ODI # 4665,Pakistan-vs-Sri-Lanka,Pakistan
Rahmanullah Gurbaz wk ,c Thakur b Pandya,21,28,65,3,1,75,1,ODI # 4666,India-vs-Afghanistan,Afghanistan
Ibrahim Zadran,c  wk Rahul b Bumrah,22,28,31,4,0,78.57,2,ODI # 4666,India-vs-Afghanistan,Afghanistan
Rahmat Shah,lbw b Thakur,16,22,37,3,0,72.72,3,ODI # 4666,India-vs-Afghanistan,Afghanistan
Hashmatullah Shahidi(c),lbw b Kuldeep Yadav,80,88,128,8,1,90.9,4,ODI # 4666,India-vs-Afghanistan,Afghanistan
Azmatullah Omarzai,b Pandya,62,69,82,2,4,89.85,5,ODI # 4666,India-vs-Afghanistan,Afghanistan
Mohammad Nabi,lbw b Bumrah,19,27,52,1,0,70.37,6,ODI # 4666,India-vs-Afghanistan,Afghanistan
Najibullah Zadran,c Kohli b Bumrah,2,8,6,0,0,25,7,ODI # 4666,India-vs-Afghanistan,Afghanistan
Rashid Khan,c Kuldeep Yadav b Bumrah,16,12,18,1,1,133.33,8,ODI # 4666,India-vs-Afghanistan,Afghanistan
Mujeeb Ur Rahman,not out,10,12,22,2,0,83.33,9,ODI # 4666,India-vs-Afghanistan,Afghanistan
Naveen-ul-Haq,not out,9,8,8,1,0,112.5,10,ODI # 4666,India-vs-Afghanistan,Afghanistan
Rohit Sharma(c),b Rashid Khan,131,84,111,16,5,155.95,1,ODI # 4666,India-vs-Afghanistan,India
Ishan Kishan,c Ibrahim Zadran b Rashid Khan,47,47,78,5,2,100,2,ODI # 4666,India-vs-Afghanistan,India
Virat Kohli,not out,55,56,64,6,0,98.21,3,ODI # 4666,India-vs-Afghanistan,India
Shreyas Iyer,not out,25,23,31,1,1,108.69,4,ODI # 4666,India-vs-Afghanistan,India
Quinton de Kock wk ,b Maxwell,109,106,147,8,5,102.83,1,ODI # 4667,Australia-vs-South-Africa,South-Africa
Temba Bavuma(c),c Warner b Maxwell,35,55,84,2,0,63.63,2,ODI # 4667,Australia-vs-South-Africa,South-Africa
Rassie van der Dussen,c sub (SA Abbott) b Zampa,26,30,33,2,0,86.66,3,ODI # 4667,Australia-vs-South-Africa,South-Africa
Aiden Markram,c Hazlewood b Cummins,56,44,61,7,1,127.27,4,ODI # 4667,Australia-vs-South-Africa,South-Africa
Heinrich Klaasen,c  wk Inglis b Hazlewood,29,27,40,3,0,107.4,5,ODI # 4667,Australia-vs-South-Africa,South-Africa
David Miller,b Starc,17,13,35,1,1,130.76,6,ODI # 4667,Australia-vs-South-Africa,South-Africa
Marco Jansen,c Warner b Starc,26,22,25,3,1,118.18,7,ODI # 4667,Australia-vs-South-Africa,South-Africa
Kagiso Rabada,not out,0,1,4,0,0,0,8,ODI # 4667,Australia-vs-South-Africa,South-Africa
Keshav Maharaj,not out,0,2,1,0,0,0,9,ODI # 4667,Australia-vs-South-Africa,South-Africa
Mitchell Marsh,c Bavuma b Jansen,7,15,27,0,0,46.66,1,ODI # 4667,Australia-vs-South-Africa,Australia
David Warner,c van der Dussen b Ngidi,13,27,33,2,0,48.14,2,ODI # 4667,Australia-vs-South-Africa,Australia
Steven Smith,lbw b Rabada,19,16,20,4,0,118.75,3,ODI # 4667,Australia-vs-South-Africa,Australia
Marnus Labuschagne,c Bavuma b Maharaj,46,74,125,3,0,62.16,4,ODI # 4667,Australia-vs-South-Africa,Australia
Josh Inglis wk ,b Rabada,5,4,5,1,0,125,5,ODI # 4667,Australia-vs-South-Africa,Australia
Glenn Maxwell,c & b Maharaj,3,17,17,0,0,17.64,6,ODI # 4667,Australia-vs-South-Africa,Australia
Marcus Stoinis,c  wk de Kock b Rabada,5,4,6,1,0,125,7,ODI # 4667,Australia-vs-South-Africa,Australia
Mitchell Starc,c  wk de Kock b Jansen,27,51,69,3,0,52.94,8,ODI # 4667,Australia-vs-South-Africa,Australia
Pat Cummins(c),c Miller b Shamsi,22,21,29,4,0,104.76,9,ODI # 4667,Australia-vs-South-Africa,Australia
Adam Zampa,not out,11,16,25,1,0,68.75,10,ODI # 4667,Australia-vs-South-Africa,Australia
Josh Hazlewood,c Rabada b Shamsi,2,2,1,0,0,100,11,ODI # 4667,Australia-vs-South-Africa,Australia
Litton Das,c Henry b Boult,0,1,1,0,0,0,1,ODI # 4668,Bangladesh-vs-New-Zealand,Bangladesh
Tanzid Hasan,c Conway b Ferguson,16,17,37,4,0,94.11,2,ODI # 4668,Bangladesh-vs-New-Zealand,Bangladesh
Mehidy Hasan Miraz,c Henry b Ferguson,30,46,52,4,0,65.21,3,ODI # 4668,Bangladesh-vs-New-Zealand,Bangladesh
Najmul Hossain Shanto,c Conway b Phillips,7,8,20,1,0,87.5,4,ODI # 4668,Bangladesh-vs-New-Zealand,Bangladesh
Shakib Al Hasan(c),c  wk Latham b Ferguson,40,51,75,3,2,78.43,5,ODI # 4668,Bangladesh-vs-New-Zealand,Bangladesh
Mushfiqur Rahim wk ,b Henry,66,75,93,6,2,88,6,ODI # 4668,Bangladesh-vs-New-Zealand,Bangladesh
Towhid Hridoy,c Santner b Boult,13,25,30,0,0,52,7,ODI # 4668,Bangladesh-vs-New-Zealand,Bangladesh
Mahmudullah,not out,41,49,58,2,2,83.67,8,ODI # 4668,Bangladesh-vs-New-Zealand,Bangladesh
Taskin Ahmed,c Mitchell b Santner,17,19,25,0,2,89.47,9,ODI # 4668,Bangladesh-vs-New-Zealand,Bangladesh
Mustafizur Rahman,c  wk Latham b Henry,4,10,14,0,0,40,10,ODI # 4668,Bangladesh-vs-New-Zealand,Bangladesh
Shoriful Islam,not out,2,3,9,0,0,66.66,11,ODI # 4668,Bangladesh-vs-New-Zealand,Bangladesh
Devon Conway,lbw b Shakib Al Hasan,45,59,91,3,0,76.27,1,ODI # 4668,Bangladesh-vs-New-Zealand,New-Zealand
Rachin Ravindra,c  wk Mushfiqur Rahim b Mustafizur Rahman,9,13,12,2,0,69.23,2,ODI # 4668,Bangladesh-vs-New-Zealand,New-Zealand
Kane Williamson(c),retired hurt,78,107,158,8,1,72.89,3,ODI # 4668,Bangladesh-vs-New-Zealand,New-Zealand
Daryl Mitchell,not out,89,67,103,6,4,132.83,4,ODI # 4668,Bangladesh-vs-New-Zealand,New-Zealand
Glenn Phillips,not out,16,11,22,1,1,145.45,5,ODI # 4668,Bangladesh-vs-New-Zealand,New-Zealand
Abdullah Shafique,lbw b Mohammed Siraj,20,24,39,3,0,83.33,1,ODI # 4669,India-vs-Pakistan,Pakistan
Imam-ul-Haq,c  wk Rahul b Pandya,36,38,64,6,0,94.73,2,ODI # 4669,India-vs-Pakistan,Pakistan
Babar Azam(c),b Mohammed Siraj,50,58,89,7,0,86.2,3,ODI # 4669,India-vs-Pakistan,Pakistan
Mohammad Rizwan wk ,b Bumrah,49,69,89,7,0,71.01,4,ODI # 4669,India-vs-Pakistan,Pakistan
Saud Shakeel,lbw b Kuldeep Yadav,6,10,12,0,0,60,5,ODI # 4669,India-vs-Pakistan,Pakistan
Iftikhar Ahmed,b Kuldeep Yadav,4,4,2,1,0,100,6,ODI # 4669,India-vs-Pakistan,Pakistan
Shadab Khan,b Bumrah,2,5,11,0,0,40,7,ODI # 4669,India-vs-Pakistan,Pakistan
Mohammad Nawaz,c Bumrah b Pandya,4,14,25,0,0,28.57,8,ODI # 4669,India-vs-Pakistan,Pakistan
Hasan Ali,c Shubman Gill b Jadeja,12,19,21,2,0,63.15,9,ODI # 4669,India-vs-Pakistan,Pakistan
Shaheen Shah Afridi,not out,2,10,12,0,0,20,10,ODI # 4669,India-vs-Pakistan,Pakistan
Haris Rauf,lbw b Jadeja,2,6,9,0,0,33.33,11,ODI # 4669,India-vs-Pakistan,Pakistan
Rohit Sharma(c),c Iftikhar Ahmed b Shaheen Shah Afridi,86,63,91,6,6,136.5,1,ODI # 4669,India-vs-Pakistan,India
Shubman Gill,c Shadab Khan b Shaheen Shah Afridi,16,11,11,4,0,145.45,2,ODI # 4669,India-vs-Pakistan,India
Virat Kohli,c Mohammad Nawaz b Hasan Ali,16,18,31,3,0,88.88,3,ODI # 4669,India-vs-Pakistan,India
Shreyas Iyer,not out,53,62,80,3,2,85.48,4,ODI # 4669,India-vs-Pakistan,India
KL Rahul wk ,not out,19,29,33,2,0,65.51,5,ODI # 4669,India-vs-Pakistan,India
Rahmanullah Gurbaz,run out (sub [DJ Willey]/ wk Buttler),80,57,87,8,4,140.35,1,ODI # 4670,Afghanistan-vs-England,Afghanistan
Ibrahim Zadran,c Root b Rashid,28,48,73,3,0,58.33,2,ODI # 4670,Afghanistan-vs-England,Afghanistan
Rahmat Shah,st  wk Buttler b Rashid,3,8,10,0,0,37.5,3,ODI # 4670,Afghanistan-vs-England,Afghanistan
Hashmatullah Shahidi(c),b Root,14,36,46,0,0,38.88,4,ODI # 4670,Afghanistan-vs-England,Afghanistan
Azmatullah Omarzai,c Woakes b Livingstone,19,24,25,1,1,79.16,5,ODI # 4670,Afghanistan-vs-England,Afghanistan
Ikram Alikhil wk ,c Curran b Topley,58,66,92,3,2,87.87,6,ODI # 4670,Afghanistan-vs-England,Afghanistan
Mohammad Nabi,c Root b Wood,9,15,14,1,0,60,7,ODI # 4670,Afghanistan-vs-England,Afghanistan
Rashid Khan,c Root b Rashid,23,22,37,3,0,104.54,8,ODI # 4670,Afghanistan-vs-England,Afghanistan
Mujeeb Ur Rahman,c Root b Wood,28,16,22,3,1,175,9,ODI # 4670,Afghanistan-vs-England,Afghanistan
Naveen-ul-Haq,run out ( wk Buttler),5,6,9,1,0,83.33,10,ODI # 4670,Afghanistan-vs-England,Afghanistan
Fazalhaq Farooqi,not out,2,4,7,0,0,50,11,ODI # 4670,Afghanistan-vs-England,Afghanistan
Jonny Bairstow,lbw b Fazalhaq Farooqi,2,4,5,0,0,50,1,ODI # 4670,Afghanistan-vs-England,England
Dawid Malan,c Ibrahim Zadran b Mohammad Nabi,32,39,61,4,0,82.05,2,ODI # 4670,Afghanistan-vs-England,England
Joe Root,b Mujeeb Ur Rahman,11,17,23,2,0,64.7,3,ODI # 4670,Afghanistan-vs-England,England
Harry Brook,c  wk Ikram Alikhil b Mujeeb Ur Rahman,66,61,123,7,1,108.19,4,ODI # 4670,Afghanistan-vs-England,England
Jos Buttler(c) wk ,b Naveen-ul-Haq,9,18,21,1,0,50,5,ODI # 4670,Afghanistan-vs-England,England
Liam Livingstone,lbw b Rashid Khan,10,14,15,1,0,71.42,6,ODI # 4670,Afghanistan-vs-England,England
Sam Curran,c Rahmat Shah b Mohammad Nabi,10,23,22,0,0,43.47,7,ODI # 4670,Afghanistan-vs-England,England
Chris Woakes,b Mujeeb Ur Rahman,9,26,21,1,0,34.61,8,ODI # 4670,Afghanistan-vs-England,England
Adil Rashid,c Mohammad Nabi b Rashid Khan,20,13,24,2,0,153.84,9,ODI # 4670,Afghanistan-vs-England,England
Mark Wood,b Rashid Khan,18,22,26,3,0,81.81,10,ODI # 4670,Afghanistan-vs-England,England
Reece Topley,not out,15,7,8,3,0,214.28,11,ODI # 4670,Afghanistan-vs-England,England
Pathum Nissanka,c Warner b Cummins,61,67,103,8,0,91.04,1,ODI # 4671,Australia-vs-Sri-Lanka,Sri-Lanka
Kusal Perera,b Cummins,78,82,123,12,0,95.12,2,ODI # 4671,Australia-vs-Sri-Lanka,Sri-Lanka
Kusal Mendis(c) wk ,c Warner b Zampa,9,13,27,0,0,69.23,3,ODI # 4671,Australia-vs-Sri-Lanka,Sri-Lanka
Sadeera Samarawickrama,lbw b Zampa,8,8,15,1,0,100,4,ODI # 4671,Australia-vs-Sri-Lanka,Sri-Lanka
Charith Asalanka,c Labuschagne b Maxwell,25,39,75,0,1,64.1,5,ODI # 4671,Australia-vs-Sri-Lanka,Sri-Lanka
Dhananjaya de Silva,b Starc,7,13,13,1,0,53.84,6,ODI # 4671,Australia-vs-Sri-Lanka,Sri-Lanka
Dunith Wellalage,run out (Cummins),2,9,9,0,0,22.22,7,ODI # 4671,Australia-vs-Sri-Lanka,Sri-Lanka
Chamika Karunaratne,lbw b Zampa,2,11,12,0,0,18.18,8,ODI # 4671,Australia-vs-Sri-Lanka,Sri-Lanka
Maheesh Theekshana,lbw b Zampa,0,5,7,0,0,0,9,ODI # 4671,Australia-vs-Sri-Lanka,Sri-Lanka
Lahiru Kumara,b Starc,4,8,6,1,0,50,10,ODI # 4671,Australia-vs-Sri-Lanka,Sri-Lanka
Dilshan Madushanka,not out,0,6,12,0,0,0,11,ODI # 4671,Australia-vs-Sri-Lanka,Sri-Lanka
Mitchell Marsh,run out (Karunaratne/ wk Mendis),52,51,67,9,0,101.96,1,ODI # 4671,Australia-vs-Sri-Lanka,Australia
David Warner,lbw b Madushanka,11,6,16,0,1,183.33,2,ODI # 4671,Australia-vs-Sri-Lanka,Australia
Steven Smith,lbw b Madushanka,0,5,4,0,0,0,3,ODI # 4671,Australia-vs-Sri-Lanka,Australia
Marnus Labuschagne,c Karunaratne b Madushanka,40,60,100,2,0,66.66,4,ODI # 4671,Australia-vs-Sri-Lanka,Australia
Josh Inglis wk ,c Theekshana b Wellalage,58,59,75,5,1,98.3,5,ODI # 4671,Australia-vs-Sri-Lanka,Australia
Glenn Maxwell,not out,31,21,30,4,2,147.61,6,ODI # 4671,Australia-vs-Sri-Lanka,Australia
Marcus Stoinis,not out,20,10,10,2,1,200,7,ODI # 4671,Australia-vs-Sri-Lanka,Australia
Vikramjit Singh,c Klaasen b Rabada,2,16,28,0,0,12.5,1,ODI # 4672,Netherlands-vs-South-Africa,Netherlands
Max O'Dowd,c  wk de Kock b Jansen,18,25,33,4,0,72,2,ODI # 4672,Netherlands-vs-South-Africa,Netherlands
Colin Ackermann,b Coetzee,12,25,40,1,0,48,3,ODI # 4672,Netherlands-vs-South-Africa,Netherlands
Bas de Leede,lbw b Rabada,2,7,16,0,0,28.57,4,ODI # 4672,Netherlands-vs-South-Africa,Netherlands
Sybrand Engelbrecht,c Jansen b Ngidi,19,37,41,1,1,51.35,5,ODI # 4672,Netherlands-vs-South-Africa,Netherlands
Teja Nidamanuru,lbw b Jansen,20,25,56,3,0,80,6,ODI # 4672,Netherlands-vs-South-Africa,Netherlands
Scott Edwards(c) wk ,not out,78,69,102,10,1,113.04,7,ODI # 4672,Netherlands-vs-South-Africa,Netherlands
Logan van Beek,st  wk de Kock b Maharaj,10,27,22,1,0,37.03,8,ODI # 4672,Netherlands-vs-South-Africa,Netherlands
Roelof van der Merwe,c  wk de Kock b Ngidi,29,19,30,3,1,152.63,9,ODI # 4672,Netherlands-vs-South-Africa,Netherlands
Aryan Dutt,not out,23,9,14,0,3,255.55,10,ODI # 4672,Netherlands-vs-South-Africa,Netherlands
Temba Bavuma(c),b van der Merwe,16,31,35,2,1,51.61,1,ODI # 4672,Netherlands-vs-South-Africa,South-Africa
Quinton de Kock wk ,c  wk Edwards b Ackermann,20,22,28,3,0,90.9,2,ODI # 4672,Netherlands-vs-South-Africa,South-Africa
Rassie van der Dussen,c Dutt b van der Merwe,4,7,16,0,0,57.14,3,ODI # 4672,Netherlands-vs-South-Africa,South-Africa
Aiden Markram,b van Meekeren,1,3,4,0,0,33.33,4,ODI # 4672,Netherlands-vs-South-Africa,South-Africa
Heinrich Klaasen,c Vikramjit Singh b van Beek,28,28,36,4,0,100,5,ODI # 4672,Netherlands-vs-South-Africa,South-Africa
David Miller,b van Beek,43,52,81,4,1,82.69,6,ODI # 4672,Netherlands-vs-South-Africa,South-Africa
Marco Jansen,b van Meekeren,9,25,22,0,0,36,7,ODI # 4672,Netherlands-vs-South-Africa,South-Africa
Gerald Coetzee,c  wk Edwards b de Leede,22,23,33,2,1,95.65,8,ODI # 4672,Netherlands-vs-South-Africa,South-Africa
Keshav Maharaj,c  wk Edwards b van Beek,40,37,54,5,1,108.1,9,ODI # 4672,Netherlands-vs-South-Africa,South-Africa
Kagiso Rabada,c Engelbrecht b de Leede,9,6,9,0,1,150,10,ODI # 4672,Netherlands-vs-South-Africa,South-Africa
Lungi Ngidi,not out,7,24,35,0,0,29.16,11,ODI # 4672,Netherlands-vs-South-Africa,South-Africa
Devon Conway,lbw b Mujeeb Ur Rahman,20,18,27,3,0,111.11,1,ODI # 4673,Afghanistan-vs-New-Zealand,New-Zealand
Will Young,c  wk Ikram Alikhil b Azmatullah Omarzai,54,64,98,4,3,84.37,2,ODI # 4673,Afghanistan-vs-New-Zealand,New-Zealand
Rachin Ravindra,b Azmatullah Omarzai,32,41,64,2,1,78.04,3,ODI # 4673,Afghanistan-vs-New-Zealand,New-Zealand
Daryl Mitchell,c Ibrahim Zadran b Rashid Khan,1,7,6,0,0,14.28,4,ODI # 4673,Afghanistan-vs-New-Zealand,New-Zealand
Tom Latham(c) wk ,b Naveen-ul-Haq,68,74,114,3,2,91.89,5,ODI # 4673,Afghanistan-vs-New-Zealand,New-Zealand
Glenn Phillips,c Rashid Khan b Naveen-ul-Haq,71,80,109,4,4,88.75,6,ODI # 4673,Afghanistan-vs-New-Zealand,New-Zealand
Mark Chapman,not out,25,12,15,2,1,208.33,7,ODI # 4673,Afghanistan-vs-New-Zealand,New-Zealand
Mitchell Santner,not out,7,5,13,1,0,140,8,ODI # 4673,Afghanistan-vs-New-Zealand,New-Zealand
Rahmanullah Gurbaz,b Henry,11,21,24,0,1,52.38,1,ODI # 4673,Afghanistan-vs-New-Zealand,Afghanistan
Ibrahim Zadran,c Santner b Boult,14,15,27,2,0,93.33,2,ODI # 4673,Afghanistan-vs-New-Zealand,Afghanistan
Rahmat Shah,c & b Ravindra,36,62,86,1,0,58.06,3,ODI # 4673,Afghanistan-vs-New-Zealand,Afghanistan
Hashmatullah Shahidi(c),c Santner b Ferguson,8,29,30,1,0,27.58,4,ODI # 4673,Afghanistan-vs-New-Zealand,Afghanistan
Azmatullah Omarzai,c  wk Latham b Boult,27,32,39,2,0,84.37,5,ODI # 4673,Afghanistan-vs-New-Zealand,Afghanistan
Ikram Alikhil wk ,not out,19,21,42,3,0,90.47,6,ODI # 4673,Afghanistan-vs-New-Zealand,Afghanistan
Mohammad Nabi,b Santner,7,9,10,1,0,77.77,7,ODI # 4673,Afghanistan-vs-New-Zealand,Afghanistan
Rashid Khan,c Mitchell b Ferguson,8,13,10,0,1,61.53,8,ODI # 4673,Afghanistan-vs-New-Zealand,Afghanistan
Mujeeb Ur Rahman,c Young b Ferguson,4,3,2,1,0,133.33,9,ODI # 4673,Afghanistan-vs-New-Zealand,Afghanistan
Naveen-ul-Haq,c Chapman b Santner,0,1,1,0,0,0,10,ODI # 4673,Afghanistan-vs-New-Zealand,Afghanistan
Fazalhaq Farooqi,c Mitchell b Santner,0,2,1,0,0,0,11,ODI # 4673,Afghanistan-vs-New-Zealand,Afghanistan
Tanzid Hasan,lbw b Kuldeep Yadav,51,43,75,5,3,118.6,1,ODI # 4674,India-vs-Bangladesh,Bangladesh
Litton Das,c Shubman Gill b Jadeja,66,82,124,7,0,80.48,2,ODI # 4674,India-vs-Bangladesh,Bangladesh
Najmul Hossain Shanto(c),lbw b Jadeja,8,17,18,0,0,47.05,3,ODI # 4674,India-vs-Bangladesh,Bangladesh
Mehidy Hasan Miraz,c  wk Rahul b Mohammed Siraj,3,13,15,0,0,23.07,4,ODI # 4674,India-vs-Bangladesh,Bangladesh
Towhid Hridoy,c Shubman Gill b Thakur,16,35,54,0,0,45.71,5,ODI # 4674,India-vs-Bangladesh,Bangladesh
Mushfiqur Rahim wk ,c Jadeja b Bumrah,38,46,60,1,1,82.6,6,ODI # 4674,India-vs-Bangladesh,Bangladesh
Mahmudullah,b Bumrah,46,36,60,3,3,127.77,7,ODI # 4674,India-vs-Bangladesh,Bangladesh
Nasum Ahmed,c  wk Rahul b Mohammed Siraj,14,18,21,2,0,77.77,8,ODI # 4674,India-vs-Bangladesh,Bangladesh
Mustafizur Rahman,not out,1,7,19,0,0,14.28,9,ODI # 4674,India-vs-Bangladesh,Bangladesh
Shoriful Islam,not out,7,3,2,0,1,233.33,10,ODI # 4674,India-vs-Bangladesh,Bangladesh
Rohit Sharma(c),c Towhid Hridoy b Hasan Mahmud,48,40,51,7,2,120,1,ODI # 4674,India-vs-Bangladesh,India
Shubman Gill,c Mahmudullah b Mehidy Hasan Miraz,53,55,80,5,2,96.36,2,ODI # 4674,India-vs-Bangladesh,India
Virat Kohli,not out,103,97,113,6,4,106.18,3,ODI # 4674,India-vs-Bangladesh,India
Shreyas Iyer,c Mahmudullah b Mehidy Hasan Miraz,19,25,38,2,0,76,4,ODI # 4674,India-vs-Bangladesh,India
KL Rahul wk ,not out,34,34,44,3,1,100,5,ODI # 4674,India-vs-Bangladesh,India
David Warner,c sub (Shadab Khan) b Haris Rauf,163,124,180,14,9,131.45,1,ODI # 4675,Australia-vs-Pakistan,Australia
Mitchell Marsh,c Usama Mir b Shaheen Shah Afridi,121,108,139,10,9,112.03,2,ODI # 4675,Australia-vs-Pakistan,Australia
Glenn Maxwell,c Babar Azam b Shaheen Shah Afridi,0,1,1,0,0,0,3,ODI # 4675,Australia-vs-Pakistan,Australia
Steven Smith,c & b Usama Mir,7,9,17,0,0,77.77,4,ODI # 4675,Australia-vs-Pakistan,Australia
Marcus Stoinis,lbw b Shaheen Shah Afridi,21,24,46,1,1,87.5,5,ODI # 4675,Australia-vs-Pakistan,Australia
Josh Inglis wk ,c  wk Mohammad Rizwan b Haris Rauf,13,9,10,3,0,144.44,6,ODI # 4675,Australia-vs-Pakistan,Australia
Marnus Labuschagne,c sub (Shadab Khan) b Haris Rauf,8,12,23,1,0,66.66,7,ODI # 4675,Australia-vs-Pakistan,Australia
Pat Cummins(c),not out,6,8,17,0,0,75,8,ODI # 4675,Australia-vs-Pakistan,Australia
Mitchell Starc,c Saud Shakeel b Shaheen Shah Afridi,2,3,3,0,0,66.66,9,ODI # 4675,Australia-vs-Pakistan,Australia
Josh Hazlewood,c  wk Mohammad Rizwan b Shaheen Shah Afridi,0,1,1,0,0,0,10,ODI # 4675,Australia-vs-Pakistan,Australia
Adam Zampa,not out,1,1,4,0,0,100,11,ODI # 4675,Australia-vs-Pakistan,Australia
Abdullah Shafique,c Maxwell b Stoinis,64,61,93,7,2,104.91,1,ODI # 4675,Australia-vs-Pakistan,Pakistan
Imam-ul-Haq,c Starc b Stoinis,70,71,107,10,0,98.59,2,ODI # 4675,Australia-vs-Pakistan,Pakistan
Babar Azam(c),c Cummins b Zampa,18,14,27,3,0,128.57,3,ODI # 4675,Australia-vs-Pakistan,Pakistan
Mohammad Rizwan wk ,lbw b Zampa,46,40,84,5,0,115,4,ODI # 4675,Australia-vs-Pakistan,Pakistan
Saud Shakeel,c Stoinis b Cummins,30,31,37,5,0,96.77,5,ODI # 4675,Australia-vs-Pakistan,Pakistan
Iftikhar Ahmed,lbw b Zampa,26,20,22,0,3,130,6,ODI # 4675,Australia-vs-Pakistan,Pakistan
Mohammad Nawaz,st  wk Inglis b Zampa,14,16,19,0,1,87.5,7,ODI # 4675,Australia-vs-Pakistan,Pakistan
Usama Mir,c Starc b Hazlewood,0,3,4,0,0,0,8,ODI # 4675,Australia-vs-Pakistan,Pakistan
Shaheen Shah Afridi,c Labuschagne b Cummins,10,8,17,2,0,125,9,ODI # 4675,Australia-vs-Pakistan,Pakistan
Hasan Ali,c  wk Inglis b Starc,8,8,7,2,0,100,10,ODI # 4675,Australia-vs-Pakistan,Pakistan
Haris Rauf,not out,0,1,3,0,0,0,11,ODI # 4675,Australia-vs-Pakistan,Pakistan
Vikramjit Singh,lbw b Rajitha,4,13,17,1,0,30.76,1,ODI # 4676,Netherlands-vs-Sri-Lanka,Netherlands
Max O'Dowd,b Rajitha,16,27,50,1,1,59.25,2,ODI # 4676,Netherlands-vs-Sri-Lanka,Netherlands
Colin Ackermann,c  wk Mendis b Rajitha,29,31,42,5,0,93.54,3,ODI # 4676,Netherlands-vs-Sri-Lanka,Netherlands
Bas de Leede,c Perera b Madushanka,6,21,33,0,0,28.57,4,ODI # 4676,Netherlands-vs-Sri-Lanka,Netherlands
Teja Nidamanuru,lbw b Madushanka,9,16,32,0,0,56.25,5,ODI # 4676,Netherlands-vs-Sri-Lanka,Netherlands
Scott Edwards(c) wk ,b Theekshana,16,16,22,0,0,100,6,ODI # 4676,Netherlands-vs-Sri-Lanka,Netherlands
Sybrand Engelbrecht,b Madushanka,70,82,100,4,1,85.36,7,ODI # 4676,Netherlands-vs-Sri-Lanka,Netherlands
Logan van Beek,c Asalanka b Rajitha,59,75,108,1,1,78.66,8,ODI # 4676,Netherlands-vs-Sri-Lanka,Netherlands
Roelof van der Merwe,c  wk Mendis b Madushanka,7,7,12,0,0,100,9,ODI # 4676,Netherlands-vs-Sri-Lanka,Netherlands
Aryan Dutt,not out,9,6,14,1,0,150,10,ODI # 4676,Netherlands-vs-Sri-Lanka,Netherlands
Paul van Meekeren,run out ( wk Mendis/Madushanka),4,5,6,0,0,80,11,ODI # 4676,Netherlands-vs-Sri-Lanka,Netherlands
Pathum Nissanka,c  wk Edwards b van Meekeren,54,52,69,9,0,103.84,1,ODI # 4676,Netherlands-vs-Sri-Lanka,Sri-Lanka
Kusal Perera,c de Leede b Dutt,5,8,17,1,0,62.5,2,ODI # 4676,Netherlands-vs-Sri-Lanka,Sri-Lanka
Kusal Mendis(c) wk ,c van Meekeren b Dutt,11,17,22,2,0,64.7,3,ODI # 4676,Netherlands-vs-Sri-Lanka,Sri-Lanka
Sadeera Samarawickrama,not out,91,107,168,7,0,85.04,4,ODI # 4676,Netherlands-vs-Sri-Lanka,Sri-Lanka
Charith Asalanka,b Dutt,44,66,70,2,1,66.66,5,ODI # 4676,Netherlands-vs-Sri-Lanka,Sri-Lanka
Dhananjaya de Silva,b Ackermann,30,37,57,1,2,81.08,6,ODI # 4676,Netherlands-vs-Sri-Lanka,Sri-Lanka
Dushan Hemantha,not out,4,3,7,1,0,133.33,7,ODI # 4676,Netherlands-vs-Sri-Lanka,Sri-Lanka
Quinton de Kock wk ,c  wk Buttler b Topley,4,2,3,1,0,200,1,ODI # 4677,England-vs-South-Africa,South-Africa
Reeza Hendricks,b Rashid,85,75,111,9,3,113.33,2,ODI # 4677,England-vs-South-Africa,South-Africa
Rassie van der Dussen,c Bairstow b Rashid,60,61,86,8,0,98.36,3,ODI # 4677,England-vs-South-Africa,South-Africa
Aiden Markram(c),c Bairstow b Topley,42,44,63,4,0,95.45,4,ODI # 4677,England-vs-South-Africa,South-Africa
Heinrich Klaasen,b Atkinson,109,67,119,12,4,162.68,5,ODI # 4677,England-vs-South-Africa,South-Africa
David Miller,c Stokes b Topley,5,6,7,1,0,83.33,6,ODI # 4677,England-vs-South-Africa,South-Africa
Marco Jansen,not out,75,42,72,3,6,178.57,7,ODI # 4677,England-vs-South-Africa,South-Africa
Gerald Coetzee,c sub (LS Livingstone) b Atkinson,3,3,2,0,0,100,8,ODI # 4677,England-vs-South-Africa,South-Africa
Keshav Maharaj,not out,1,1,1,0,0,100,9,ODI # 4677,England-vs-South-Africa,South-Africa
Jonny Bairstow,c van der Dussen b Ngidi,10,12,13,1,1,83.33,1,ODI # 4677,England-vs-South-Africa,England
Dawid Malan,c  wk de Kock b Jansen,6,11,30,1,0,54.54,2,ODI # 4677,England-vs-South-Africa,England
Joe Root,c Miller b Jansen,2,6,9,0,0,33.33,3,ODI # 4677,England-vs-South-Africa,England
Ben Stokes,c & b Rabada,5,8,20,1,0,62.5,4,ODI # 4677,England-vs-South-Africa,England
Harry Brook,lbw b Coetzee,17,25,33,2,1,68,5,ODI # 4677,England-vs-South-Africa,England
Jos Buttler(c) wk ,c  wk de Kock b Coetzee,15,7,14,2,1,214.28,6,ODI # 4677,England-vs-South-Africa,England
David Willey,c Rabada b Ngidi,12,12,24,1,1,100,7,ODI # 4677,England-vs-South-Africa,England
Adil Rashid,c Hendricks b Coetzee,10,14,14,1,0,71.42,8,ODI # 4677,England-vs-South-Africa,England
Gus Atkinson,b Maharaj,35,21,31,7,0,166.66,9,ODI # 4677,England-vs-South-Africa,England
Mark Wood,not out,43,17,25,2,5,252.94,10,ODI # 4677,England-vs-South-Africa,England
Reece Topley,absent hurt,-,-,-,-,-,-,11,ODI # 4677,England-vs-South-Africa,England
Devon Conway,c Iyer b Mohammed Siraj,0,9,16,0,0,0,1,ODI # 4678,India-vs-New-Zealand,New-Zealand
Will Young,b Mohammed Shami,17,27,41,3,0,62.96,2,ODI # 4678,India-vs-New-Zealand,New-Zealand
Rachin Ravindra,c Shubman Gill b Mohammed Shami,75,87,133,6,1,86.2,3,ODI # 4678,India-vs-New-Zealand,New-Zealand
Daryl Mitchell,c Kohli b Mohammed Shami,130,127,192,9,5,102.36,4,ODI # 4678,India-vs-New-Zealand,New-Zealand
Tom Latham(c) wk ,lbw b Kuldeep Yadav,5,7,16,1,0,71.42,5,ODI # 4678,India-vs-New-Zealand,New-Zealand
Glenn Phillips,c Sharma b Kuldeep Yadav,23,26,36,0,1,88.46,6,ODI # 4678,India-vs-New-Zealand,New-Zealand
Mark Chapman,c Kohli b Bumrah,6,8,11,0,0,75,7,ODI # 4678,India-vs-New-Zealand,New-Zealand
Mitchell Santner,b Mohammed Shami,1,2,3,0,0,50,8,ODI # 4678,India-vs-New-Zealand,New-Zealand
Matt Henry,b Mohammed Shami,0,1,1,0,0,0,9,ODI # 4678,India-vs-New-Zealand,New-Zealand
Lockie Ferguson,run out ( wk Rahul),1,5,12,0,0,20,10,ODI # 4678,India-vs-New-Zealand,New-Zealand
Trent Boult,not out,0,1,1,0,0,0,11,ODI # 4678,India-vs-New-Zealand,New-Zealand
Rohit Sharma(c),b Ferguson,46,40,44,4,4,115,1,ODI # 4678,India-vs-New-Zealand,India
Shubman Gill,c Mitchell b Ferguson,26,31,53,5,0,83.87,2,ODI # 4678,India-vs-New-Zealand,India
Virat Kohli,c Phillips b Henry,95,104,154,8,2,91.34,3,ODI # 4678,India-vs-New-Zealand,India
Shreyas Iyer,c Conway b Boult,33,29,32,6,0,113.79,4,ODI # 4678,India-vs-New-Zealand,India
KL Rahul wk ,lbw b Santner,27,35,43,3,0,77.14,5,ODI # 4678,India-vs-New-Zealand,India
Suryakumar Yadav,run out (Santner/Boult/ wk Latham),2,4,8,0,0,50,6,ODI # 4678,India-vs-New-Zealand,India
Ravindra Jadeja,not out,39,44,63,3,1,88.63,7,ODI # 4678,India-vs-New-Zealand,India
Mohammed Shami,not out,1,1,2,0,0,100,8,ODI # 4678,India-vs-New-Zealand,India
Abdullah Shafique,lbw b Noor Ahmad,58,75,89,5,2,77.33,1,ODI # 4679,Afghanistan-vs-Pakistan,Pakistan
Imam-ul-Haq,c Naveen-ul-Haq b Azmatullah Omarzai,17,22,44,2,0,77.27,2,ODI # 4679,Afghanistan-vs-Pakistan,Pakistan
Babar Azam(c),c Mohammad Nabi b Noor Ahmad,74,92,121,4,1,80.43,3,ODI # 4679,Afghanistan-vs-Pakistan,Pakistan
Mohammad Rizwan wk ,c Mujeeb Ur Rahman b Noor Ahmad,8,10,8,0,1,80,4,ODI # 4679,Afghanistan-vs-Pakistan,Pakistan
Saud Shakeel,c Rashid Khan b Mohammad Nabi,25,34,35,3,0,73.52,5,ODI # 4679,Afghanistan-vs-Pakistan,Pakistan
Shadab Khan,c Mohammad Nabi b Naveen-ul-Haq,40,38,75,1,1,105.26,6,ODI # 4679,Afghanistan-vs-Pakistan,Pakistan
Iftikhar Ahmed,c Azmatullah Omarzai b Naveen-ul-Haq,40,27,40,2,4,148.14,7,ODI # 4679,Afghanistan-vs-Pakistan,Pakistan
Shaheen Shah Afridi,not out,3,3,4,0,0,100,8,ODI # 4679,Afghanistan-vs-Pakistan,Pakistan
Rahmanullah Gurbaz,c Usama Mir b Shaheen Shah Afridi,65,53,91,9,1,122.64,1,ODI # 4679,Afghanistan-vs-Pakistan,Afghanistan
Ibrahim Zadran,c  wk Mohammad Rizwan b Hasan Ali,87,113,146,10,0,76.99,2,ODI # 4679,Afghanistan-vs-Pakistan,Afghanistan
Rahmat Shah,not out,77,84,129,5,2,91.66,3,ODI # 4679,Afghanistan-vs-Pakistan,Afghanistan
Hashmatullah Shahidi(c),not out,48,45,74,4,0,106.66,4,ODI # 4679,Afghanistan-vs-Pakistan,Afghanistan
Quinton de Kock wk ,c Nasum Ahmed b Hasan Mahmud,174,140,192,15,7,124.28,1,ODI # 4680,Bangladesh-vs-South-Africa,South-Africa
Reeza Hendricks,b Shoriful Islam,12,19,24,1,0,63.15,2,ODI # 4680,Bangladesh-vs-South-Africa,South-Africa
Rassie van der Dussen,lbw b Mehidy Hasan Miraz,1,7,6,0,0,14.28,3,ODI # 4680,Bangladesh-vs-South-Africa,South-Africa
Aiden Markram(c),c Litton Das b Shakib Al Hasan,60,69,84,7,0,86.95,4,ODI # 4680,Bangladesh-vs-South-Africa,South-Africa
Heinrich Klaasen,c Mahmudullah b Hasan Mahmud,90,49,94,2,8,183.67,5,ODI # 4680,Bangladesh-vs-South-Africa,South-Africa
David Miller,not out,34,15,26,1,4,226.66,6,ODI # 4680,Bangladesh-vs-South-Africa,South-Africa
Marco Jansen,not out,1,1,3,0,0,100,7,ODI # 4680,Bangladesh-vs-South-Africa,South-Africa
Tanzid Hasan,c  wk Klaasen b Jansen,12,17,30,1,0,70.58,1,ODI # 4680,Bangladesh-vs-South-Africa,Bangladesh
Litton Das,lbw b Rabada,22,44,78,3,1,50,2,ODI # 4680,Bangladesh-vs-South-Africa,Bangladesh
Najmul Hossain Shanto,c  wk Klaasen b Jansen,0,1,1,0,0,0,3,ODI # 4680,Bangladesh-vs-South-Africa,Bangladesh
Shakib Al Hasan(c),c  wk Klaasen b Williams,1,4,4,0,0,25,4,ODI # 4680,Bangladesh-vs-South-Africa,Bangladesh
Mushfiqur Rahim wk ,c sub (AL Phehlukwayo) b Coetzee,8,17,24,1,0,47.05,5,ODI # 4680,Bangladesh-vs-South-Africa,Bangladesh
Mahmudullah,c Jansen b Coetzee,111,111,150,11,4,100,6,ODI # 4680,Bangladesh-vs-South-Africa,Bangladesh
Mehidy Hasan Miraz,c sub (AL Phehlukwayo) b Maharaj,11,19,26,1,0,57.89,7,ODI # 4680,Bangladesh-vs-South-Africa,Bangladesh
Nasum Ahmed,c & b Coetzee,19,19,27,3,0,100,8,ODI # 4680,Bangladesh-vs-South-Africa,Bangladesh
Hasan Mahmud,c Coetzee b Rabada,15,25,32,2,0,60,9,ODI # 4680,Bangladesh-vs-South-Africa,Bangladesh
Mustafizur Rahman,c Miller b Williams,11,21,51,2,0,52.38,10,ODI # 4680,Bangladesh-vs-South-Africa,Bangladesh
Shoriful Islam,not out,6,4,4,1,0,150,11,ODI # 4680,Bangladesh-vs-South-Africa,Bangladesh
Mitchell Marsh,c Ackermann b van Beek,9,15,15,2,0,60,1,ODI # 4681,Australia-vs-Netherlands,Australia
David Warner,c Dutt b van Beek,104,93,182,11,3,111.82,2,ODI # 4681,Australia-vs-Netherlands,Australia
Steven Smith,c van der Merwe b Dutt,71,68,88,9,1,104.41,3,ODI # 4681,Australia-vs-Netherlands,Australia
Marnus Labuschagne,c Dutt b de Leede,62,47,60,7,2,131.91,4,ODI # 4681,Australia-vs-Netherlands,Australia
Josh Inglis wk ,c Engelbrecht b de Leede,14,12,12,1,1,116.66,5,ODI # 4681,Australia-vs-Netherlands,Australia
Glenn Maxwell,c Engelbrecht b van Beek,106,44,53,9,8,240.9,6,ODI # 4681,Australia-vs-Netherlands,Australia
Cameron Green,run out (Engelbrecht),8,11,15,1,0,72.72,7,ODI # 4681,Australia-vs-Netherlands,Australia
Pat Cummins(c),not out,12,9,39,2,0,133.33,8,ODI # 4681,Australia-vs-Netherlands,Australia
Mitchell Starc,c Ackermann b van Beek,0,1,1,0,0,0,9,ODI # 4681,Australia-vs-Netherlands,Australia
Adam Zampa,not out,1,1,2,0,0,100,10,ODI # 4681,Australia-vs-Netherlands,Australia
Vikramjit Singh,run out (Maxwell),25,25,28,6,0,100,1,ODI # 4681,Australia-vs-Netherlands,Netherlands
Max O'Dowd,b Starc,6,9,21,1,0,66.66,2,ODI # 4681,Australia-vs-Netherlands,Netherlands
Colin Ackermann,lbw b Hazlewood,10,11,21,2,0,90.9,3,ODI # 4681,Australia-vs-Netherlands,Netherlands
Sybrand Engelbrecht,c Warner b Marsh,11,21,36,1,0,52.38,4,ODI # 4681,Australia-vs-Netherlands,Netherlands
Bas de Leede,lbw b Cummins,4,7,7,1,0,57.14,5,ODI # 4681,Australia-vs-Netherlands,Netherlands
Scott Edwards(c) wk ,not out,12,22,53,0,0,54.54,6,ODI # 4681,Australia-vs-Netherlands,Netherlands
Teja Nidamanuru,c  wk Inglis b Marsh,14,18,19,2,0,77.77,7,ODI # 4681,Australia-vs-Netherlands,Netherlands
Logan van Beek,c  wk Inglis b Zampa,0,3,3,0,0,0,8,ODI # 4681,Australia-vs-Netherlands,Netherlands
Roelof van der Merwe,lbw b Zampa,0,1,1,0,0,0,9,ODI # 4681,Australia-vs-Netherlands,Netherlands
Aryan Dutt,lbw b Zampa,1,8,9,0,0,12.5,10,ODI # 4681,Australia-vs-Netherlands,Netherlands
Paul van Meekeren,st  wk Inglis b Zampa,0,1,2,0,0,0,11,ODI # 4681,Australia-vs-Netherlands,Netherlands
Jonny Bairstow,c de Silva b Rajitha,30,31,64,3,0,96.77,1,ODI # 4682,England-vs-Sri-Lanka,England
Dawid Malan,c  wk Mendis b Mathews,28,25,32,6,0,112,2,ODI # 4682,England-vs-Sri-Lanka,England
Joe Root,run out (Mathews/ wk Mendis),3,10,14,0,0,30,3,ODI # 4682,England-vs-Sri-Lanka,England
Ben Stokes,c sub (MADI Hemantha) b Kumara,43,73,98,6,0,58.9,4,ODI # 4682,England-vs-Sri-Lanka,England
Jos Buttler(c) wk ,c  wk Mendis b Kumara,8,6,6,1,0,133.33,5,ODI # 4682,England-vs-Sri-Lanka,England
Liam Livingstone,lbw b Kumara,1,6,9,0,0,16.66,6,ODI # 4682,England-vs-Sri-Lanka,England
Moeen Ali,c Perera b Mathews,15,15,33,1,0,100,7,ODI # 4682,England-vs-Sri-Lanka,England
Chris Woakes,c Samarawickrama b Rajitha,0,4,8,0,0,0,8,ODI # 4682,England-vs-Sri-Lanka,England
David Willey,not out,14,17,34,1,1,82.35,9,ODI # 4682,England-vs-Sri-Lanka,England
Adil Rashid,run out ( wk Mendis),2,7,7,0,0,28.57,10,ODI # 4682,England-vs-Sri-Lanka,England
Mark Wood,st  wk Mendis b Theekshana,5,6,6,1,0,83.33,11,ODI # 4682,England-vs-Sri-Lanka,England
Pathum Nissanka,not out,77,83,110,7,2,92.77,1,ODI # 4682,England-vs-Sri-Lanka,Sri-Lanka
Kusal Perera,c Stokes b Willey,4,5,8,1,0,80,2,ODI # 4682,England-vs-Sri-Lanka,Sri-Lanka
Kusal Mendis(c) wk ,c  wk Buttler b Willey,11,12,15,2,0,91.66,3,ODI # 4682,England-vs-Sri-Lanka,Sri-Lanka
Sadeera Samarawickrama,not out,65,54,84,7,1,120.37,4,ODI # 4682,England-vs-Sri-Lanka,Sri-Lanka
Abdullah Shafique,c Ngidi b Jansen,9,17,21,1,0,52.94,1,ODI # 4683,Pakistan-vs-South-Africa,Pakistan
Imam-ul-Haq,c Klaasen b Jansen,12,18,35,2,0,66.66,2,ODI # 4683,Pakistan-vs-South-Africa,Pakistan
Babar Azam(c),c  wk de Kock b Shamsi,50,65,100,4,1,76.92,3,ODI # 4683,Pakistan-vs-South-Africa,Pakistan
Mohammad Rizwan wk ,c  wk de Kock b Coetzee,31,27,35,4,1,114.81,4,ODI # 4683,Pakistan-vs-South-Africa,Pakistan
Iftikhar Ahmed,c Klaasen b Shamsi,21,31,38,1,1,67.74,5,ODI # 4683,Pakistan-vs-South-Africa,Pakistan
Saud Shakeel,c  wk de Kock b Shamsi,52,52,81,7,0,100,6,ODI # 4683,Pakistan-vs-South-Africa,Pakistan
Shadab Khan,c Maharaj b Coetzee,43,36,53,3,2,119.44,7,ODI # 4683,Pakistan-vs-South-Africa,Pakistan
Mohammad Nawaz,c Miller b Jansen,24,24,32,1,2,100,8,ODI # 4683,Pakistan-vs-South-Africa,Pakistan
Shaheen Shah Afridi,c Maharaj b Shamsi,2,4,10,0,0,50,9,ODI # 4683,Pakistan-vs-South-Africa,Pakistan
Mohammad Wasim,c  wk de Kock b Ngidi,7,9,13,0,1,77.77,10,ODI # 4683,Pakistan-vs-South-Africa,Pakistan
Haris Rauf,not out,0,1,5,0,0,0,11,ODI # 4683,Pakistan-vs-South-Africa,Pakistan
Temba Bavuma(c),c Saud Shakeel b Mohammad Wasim,28,27,49,4,1,103.7,1,ODI # 4683,Pakistan-vs-South-Africa,South-Africa
Quinton de Kock wk ,c Mohammad Wasim b Shaheen Shah Afridi,24,14,19,5,0,171.42,2,ODI # 4683,Pakistan-vs-South-Africa,South-Africa
Rassie van der Dussen,lbw b Usama Mir,21,39,71,0,0,53.84,3,ODI # 4683,Pakistan-vs-South-Africa,South-Africa
Aiden Markram,c Babar Azam b Usama Mir,91,93,151,7,3,97.84,4,ODI # 4683,Pakistan-vs-South-Africa,South-Africa
Heinrich Klaasen,c Usama Mir b Mohammad Wasim,12,10,12,0,1,120,5,ODI # 4683,Pakistan-vs-South-Africa,South-Africa
David Miller,c  wk Mohammad Rizwan b Shaheen Shah Afridi,29,33,55,2,2,87.87,6,ODI # 4683,Pakistan-vs-South-Africa,South-Africa
Marco Jansen,c Babar Azam b Haris Rauf,20,14,18,2,1,142.85,7,ODI # 4683,Pakistan-vs-South-Africa,South-Africa
Gerald Coetzee,c  wk Mohammad Rizwan b Shaheen Shah Afridi,10,13,23,0,0,76.92,8,ODI # 4683,Pakistan-vs-South-Africa,South-Africa
Keshav Maharaj,not out,7,21,44,1,0,33.33,9,ODI # 4683,Pakistan-vs-South-Africa,South-Africa
Lungi Ngidi,c & b Haris Rauf,4,14,24,0,0,28.57,10,ODI # 4683,Pakistan-vs-South-Africa,South-Africa
Tabraiz Shamsi,not out,4,6,14,0,0,66.66,11,ODI # 4683,Pakistan-vs-South-Africa,South-Africa
David Warner,c & b Phillips,81,65,77,5,6,124.61,1,ODI # 4684,Australia-vs-New-Zealand,Australia
Travis Head,b Phillips,109,67,94,10,7,162.68,2,ODI # 4684,Australia-vs-New-Zealand,Australia
Mitchell Marsh,b Santner,36,51,65,2,0,70.58,3,ODI # 4684,Australia-vs-New-Zealand,Australia
Steven Smith,c Boult b Phillips,18,17,19,2,0,105.88,4,ODI # 4684,Australia-vs-New-Zealand,Australia
Marnus Labuschagne,c Ravindra b Santner,18,26,36,2,0,69.23,5,ODI # 4684,Australia-vs-New-Zealand,Australia
Glenn Maxwell,c Boult b Neesham,41,24,37,5,2,170.83,6,ODI # 4684,Australia-vs-New-Zealand,Australia
Josh Inglis wk ,c Phillips b Boult,38,28,48,4,1,135.71,7,ODI # 4684,Australia-vs-New-Zealand,Australia
Pat Cummins(c),lbw b Boult,37,14,23,2,4,264.28,8,ODI # 4684,Australia-vs-New-Zealand,Australia
Mitchell Starc,c Neesham b Henry,1,3,7,0,0,33.33,9,ODI # 4684,Australia-vs-New-Zealand,Australia
Adam Zampa,b Boult,0,3,2,0,0,0,10,ODI # 4684,Australia-vs-New-Zealand,Australia
Josh Hazlewood,not out,0,0,1,0,0,-,11,ODI # 4684,Australia-vs-New-Zealand,Australia
Devon Conway,c Starc b Hazlewood,28,17,35,6,0,164.7,1,ODI # 4684,Australia-vs-New-Zealand,New-Zealand
Will Young,c Starc b Hazlewood,32,37,44,4,1,86.48,2,ODI # 4684,Australia-vs-New-Zealand,New-Zealand
Rachin Ravindra,c Labuschagne b Cummins,116,89,137,9,5,130.33,3,ODI # 4684,Australia-vs-New-Zealand,New-Zealand
Daryl Mitchell,c Starc b Zampa,54,51,59,6,1,105.88,4,ODI # 4684,Australia-vs-New-Zealand,New-Zealand
Tom Latham(c) wk ,c Hazlewood b Zampa,21,22,29,2,0,95.45,5,ODI # 4684,Australia-vs-New-Zealand,New-Zealand
Glenn Phillips,c Labuschagne b Maxwell,12,16,21,1,0,75,6,ODI # 4684,Australia-vs-New-Zealand,New-Zealand
James Neesham,run out (Labuschagne/ wk Inglis),58,39,64,3,3,148.71,7,ODI # 4684,Australia-vs-New-Zealand,New-Zealand
Mitchell Santner,c Maxwell b Zampa,17,12,13,1,1,141.66,8,ODI # 4684,Australia-vs-New-Zealand,New-Zealand
Matt Henry,c Hazlewood b Cummins,9,8,14,1,0,112.5,9,ODI # 4684,Australia-vs-New-Zealand,New-Zealand
Trent Boult,not out,10,8,21,0,1,125,10,ODI # 4684,Australia-vs-New-Zealand,New-Zealand
Lockie Ferguson,not out,0,1,1,0,0,0,11,ODI # 4684,Australia-vs-New-Zealand,New-Zealand
Vikramjit Singh,c Shakib Al Hasan b Taskin Ahmed,3,9,7,0,0,33.33,1,ODI # 4685,Bangladesh-vs-Netherlands,Netherlands
Max O'Dowd,c Tanzid Hasan b Shoriful Islam,0,3,11,0,0,0,2,ODI # 4685,Bangladesh-vs-Netherlands,Netherlands
Wesley Barresi,c Shakib Al Hasan b Mustafizur Rahman,41,41,49,8,0,100,3,ODI # 4685,Bangladesh-vs-Netherlands,Netherlands
Colin Ackermann,c Mustafizur Rahman b Shakib Al Hasan,15,33,50,1,0,45.45,4,ODI # 4685,Bangladesh-vs-Netherlands,Netherlands
Scott Edwards(c) wk ,c Mehidy Hasan Miraz b Mustafizur Rahman,68,89,122,6,0,76.4,5,ODI # 4685,Bangladesh-vs-Netherlands,Netherlands
Bas de Leede,c  wk Mushfiqur Rahim b Taskin Ahmed,17,32,49,2,0,53.12,6,ODI # 4685,Bangladesh-vs-Netherlands,Netherlands
Sybrand Engelbrecht,lbw b Mahedi Hasan,35,61,72,3,0,57.37,7,ODI # 4685,Bangladesh-vs-Netherlands,Netherlands
Logan van Beek,not out,23,16,33,2,1,143.75,8,ODI # 4685,Bangladesh-vs-Netherlands,Netherlands
Shariz Ahmad,run out (Mahmudullah/ wk Mushfiqur Rahim),6,8,13,0,0,75,9,ODI # 4685,Bangladesh-vs-Netherlands,Netherlands
Aryan Dutt,c Mehidy Hasan Miraz b Shoriful Islam,9,6,7,0,1,150,10,ODI # 4685,Bangladesh-vs-Netherlands,Netherlands
Paul van Meekeren,lbw b Mahedi Hasan,0,2,6,0,0,0,11,ODI # 4685,Bangladesh-vs-Netherlands,Netherlands
Litton Das,c  wk Edwards b Dutt,3,12,20,0,0,25,1,ODI # 4685,Bangladesh-vs-Netherlands,Bangladesh
Tanzid Hasan,c  wk Edwards b van Beek,15,16,25,3,0,93.75,2,ODI # 4685,Bangladesh-vs-Netherlands,Bangladesh
Mehidy Hasan Miraz,c  wk Edwards b de Leede,35,40,51,5,1,87.5,3,ODI # 4685,Bangladesh-vs-Netherlands,Bangladesh
Najmul Hossain Shanto,c van Beek b van Meekeren,9,18,27,2,0,50,4,ODI # 4685,Bangladesh-vs-Netherlands,Bangladesh
Shakib Al Hasan(c),c  wk Edwards b van Meekeren,5,14,14,0,0,35.71,5,ODI # 4685,Bangladesh-vs-Netherlands,Bangladesh
Mushfiqur Rahim wk ,b van Meekeren,1,5,9,0,0,20,6,ODI # 4685,Bangladesh-vs-Netherlands,Bangladesh
Mahmudullah,c Dutt b de Leede,20,41,70,2,0,48.78,7,ODI # 4685,Bangladesh-vs-Netherlands,Bangladesh
Mahedi Hasan,run out (de Leede),17,38,51,1,0,44.73,8,ODI # 4685,Bangladesh-vs-Netherlands,Bangladesh
Taskin Ahmed,c de Leede b van Meekeren,11,35,49,1,0,31.42,9,ODI # 4685,Bangladesh-vs-Netherlands,Bangladesh
Mustafizur Rahman,b Ackermann,20,35,34,2,1,57.14,10,ODI # 4685,Bangladesh-vs-Netherlands,Bangladesh
Shoriful Islam,not out,0,0,1,0,0,-,11,ODI # 4685,Bangladesh-vs-Netherlands,Bangladesh
Rohit Sharma(c),c Livingstone b Rashid,87,101,162,10,3,86.13,1,ODI # 4686,India-vs-England,India
Shubman Gill,b Woakes,9,13,18,1,0,69.23,2,ODI # 4686,India-vs-England,India
Virat Kohli,c Stokes b Willey,0,9,12,0,0,0,3,ODI # 4686,India-vs-England,India
Shreyas Iyer,c Wood b Woakes,4,16,21,0,0,25,4,ODI # 4686,India-vs-England,India
KL Rahul wk ,c Bairstow b Willey,39,58,77,3,0,67.24,5,ODI # 4686,India-vs-England,India
Suryakumar Yadav,c Woakes b Willey,49,47,75,4,1,104.25,6,ODI # 4686,India-vs-England,India
Ravindra Jadeja,lbw b Rashid,8,13,14,0,0,61.53,7,ODI # 4686,India-vs-England,India
Mohammed Shami,c  wk Buttler b Wood,1,5,4,0,0,20,8,ODI # 4686,India-vs-England,India
Jasprit Bumrah,run out ( wk Buttler),16,25,44,1,0,64,9,ODI # 4686,India-vs-England,India
Kuldeep Yadav,not out,9,13,18,1,0,69.23,10,ODI # 4686,India-vs-England,India
Jonny Bairstow,b Mohammed Shami,14,23,53,2,0,60.86,1,ODI # 4686,India-vs-England,England
Dawid Malan,b Bumrah,16,17,25,2,1,94.11,2,ODI # 4686,India-vs-England,England
Joe Root,lbw b Bumrah,0,1,2,0,0,0,3,ODI # 4686,India-vs-England,England
Ben Stokes,b Mohammed Shami,0,10,14,0,0,0,4,ODI # 4686,India-vs-England,England
Jos Buttler(c) wk ,b Kuldeep Yadav,10,23,33,1,0,43.47,5,ODI # 4686,India-vs-England,England
Moeen Ali,c  wk Rahul b Mohammed Shami,15,31,55,0,0,48.38,6,ODI # 4686,India-vs-England,England
Liam Livingstone,lbw b Kuldeep Yadav,27,46,56,2,0,58.69,7,ODI # 4686,India-vs-England,England
Chris Woakes,st  wk Rahul b Jadeja,10,20,21,1,0,50,8,ODI # 4686,India-vs-England,England
David Willey,not out,16,17,29,0,2,94.11,9,ODI # 4686,India-vs-England,England
Adil Rashid,b Mohammed Shami,13,20,19,2,0,65,10,ODI # 4686,India-vs-England,England
Mark Wood,b Bumrah,0,1,3,0,0,0,11,ODI # 4686,India-vs-England,England
Pathum Nissanka,c  wk Rahmanullah Gurbaz b Azmatullah Omarzai,46,60,82,5,0,76.66,1,ODI # 4687,Afghanistan-vs-Sri-Lanka,Sri-Lanka
Dimuth Karunaratne,lbw b Fazalhaq Farooqi,15,21,25,1,0,71.42,2,ODI # 4687,Afghanistan-vs-Sri-Lanka,Sri-Lanka
Kusal Mendis(c) wk ,c sub (Najibullah Zadran) b Mujeeb Ur Rahman,39,50,91,3,0,78,3,ODI # 4687,Afghanistan-vs-Sri-Lanka,Sri-Lanka
Sadeera Samarawickrama,lbw b Mujeeb Ur Rahman,36,40,42,3,0,90,4,ODI # 4687,Afghanistan-vs-Sri-Lanka,Sri-Lanka
Charith Asalanka,c Rashid Khan b Fazalhaq Farooqi,22,28,48,2,0,78.57,5,ODI # 4687,Afghanistan-vs-Sri-Lanka,Sri-Lanka
Dhananjaya de Silva,b Rashid Khan,14,26,24,1,0,53.84,6,ODI # 4687,Afghanistan-vs-Sri-Lanka,Sri-Lanka
Angelo Mathews,c Mohammad Nabi b Fazalhaq Farooqi,23,26,61,1,1,88.46,7,ODI # 4687,Afghanistan-vs-Sri-Lanka,Sri-Lanka
Dushmantha Chameera,run out (Ibrahim Zadran),1,4,5,0,0,25,8,ODI # 4687,Afghanistan-vs-Sri-Lanka,Sri-Lanka
Maheesh Theekshana,b Fazalhaq Farooqi,29,31,31,3,1,93.54,9,ODI # 4687,Afghanistan-vs-Sri-Lanka,Sri-Lanka
Kasun Rajitha,run out ( wk Rahmanullah Gurbaz),5,7,14,0,0,71.42,10,ODI # 4687,Afghanistan-vs-Sri-Lanka,Sri-Lanka
Dilshan Madushanka,not out,0,4,5,0,0,0,11,ODI # 4687,Afghanistan-vs-Sri-Lanka,Sri-Lanka
Rahmanullah Gurbaz,b Madushanka,0,4,2,0,0,0,1,ODI # 4687,Afghanistan-vs-Sri-Lanka,Afghanistan
Ibrahim Zadran,c Karunaratne b Madushanka,39,57,73,4,1,68.42,2,ODI # 4687,Afghanistan-vs-Sri-Lanka,Afghanistan
Rahmat Shah,c Karunaratne b Rajitha,62,74,121,7,0,83.78,3,ODI # 4687,Afghanistan-vs-Sri-Lanka,Afghanistan
Hashmatullah Shahidi(c),not out,58,74,132,2,1,78.37,4,ODI # 4687,Afghanistan-vs-Sri-Lanka,Afghanistan
Azmatullah Omarzai,not out,73,63,80,6,3,115.87,5,ODI # 4687,Afghanistan-vs-Sri-Lanka,Afghanistan
Tanzid Hasan,lbw b Shaheen Shah Afridi,0,5,7,0,0,0,1,ODI # 4688,Bangladesh-vs-Pakistan,Bangladesh
Litton Das,c Agha Salman b Iftikhar Ahmed,45,64,100,6,0,70.31,2,ODI # 4688,Bangladesh-vs-Pakistan,Bangladesh
Najmul Hossain Shanto,c Usama Mir b Shaheen Shah Afridi,4,3,8,1,0,133.33,3,ODI # 4688,Bangladesh-vs-Pakistan,Bangladesh
Mushfiqur Rahim wk ,c  wk Mohammad Rizwan b Haris Rauf,5,8,18,1,0,62.5,4,ODI # 4688,Bangladesh-vs-Pakistan,Bangladesh
Mahmudullah,b Shaheen Shah Afridi,56,70,108,6,1,80,5,ODI # 4688,Bangladesh-vs-Pakistan,Bangladesh
Shakib Al Hasan(c),c Agha Salman b Haris Rauf,43,64,82,4,0,67.18,6,ODI # 4688,Bangladesh-vs-Pakistan,Bangladesh
Towhid Hridoy,c Iftikhar Ahmed b Usama Mir,7,3,9,0,1,233.33,7,ODI # 4688,Bangladesh-vs-Pakistan,Bangladesh
Mehidy Hasan Miraz,b Mohammad Wasim,25,30,50,1,1,83.33,8,ODI # 4688,Bangladesh-vs-Pakistan,Bangladesh
Taskin Ahmed,b Mohammad Wasim,6,13,20,0,0,46.15,9,ODI # 4688,Bangladesh-vs-Pakistan,Bangladesh
Mustafizur Rahman,b Mohammad Wasim,3,7,11,0,0,42.85,10,ODI # 4688,Bangladesh-vs-Pakistan,Bangladesh
Shoriful Islam,not out,1,4,8,0,0,25,11,ODI # 4688,Bangladesh-vs-Pakistan,Bangladesh
Abdullah Shafique,lbw b Mehidy Hasan Miraz,68,69,94,9,2,98.55,1,ODI # 4688,Bangladesh-vs-Pakistan,Pakistan
Fakhar Zaman,c Towhid Hridoy b Mehidy Hasan Miraz,81,74,126,3,7,109.45,2,ODI # 4688,Bangladesh-vs-Pakistan,Pakistan
Babar Azam(c),c Mahmudullah b Mehidy Hasan Miraz,9,16,20,1,0,56.25,3,ODI # 4688,Bangladesh-vs-Pakistan,Pakistan
Mohammad Rizwan wk ,not out,26,21,27,4,0,123.8,4,ODI # 4688,Bangladesh-vs-Pakistan,Pakistan
Iftikhar Ahmed,not out,17,15,17,2,0,113.33,5,ODI # 4688,Bangladesh-vs-Pakistan,Pakistan
Quinton de Kock wk ,c Phillips b Southee,114,116,176,10,3,98.27,1,ODI # 4689,New-Zealand-vs-South-Africa,South-Africa
Temba Bavuma(c),c Mitchell b Boult,24,28,37,4,1,85.71,2,ODI # 4689,New-Zealand-vs-South-Africa,South-Africa
Rassie van der Dussen,b Southee,133,118,172,9,5,112.71,3,ODI # 4689,New-Zealand-vs-South-Africa,South-Africa
David Miller,c Mitchell b Neesham,53,30,48,2,4,176.66,4,ODI # 4689,New-Zealand-vs-South-Africa,South-Africa
Heinrich Klaasen,not out,15,7,13,1,1,214.28,5,ODI # 4689,New-Zealand-vs-South-Africa,South-Africa
Aiden Markram,not out,6,1,1,0,1,600,6,ODI # 4689,New-Zealand-vs-South-Africa,South-Africa
Devon Conway,c Markram b Jansen,2,6,13,0,0,33.33,1,ODI # 4689,New-Zealand-vs-South-Africa,New-Zealand
Will Young,c  wk de Kock b Coetzee,33,37,50,5,0,89.18,2,ODI # 4689,New-Zealand-vs-South-Africa,New-Zealand
Rachin Ravindra,c Coetzee b Jansen,9,16,28,1,0,56.25,3,ODI # 4689,New-Zealand-vs-South-Africa,New-Zealand
Daryl Mitchell,c Miller b Maharaj,24,30,40,4,0,80,4,ODI # 4689,New-Zealand-vs-South-Africa,New-Zealand
Tom Latham(c) wk ,c Maharaj b Rabada,4,15,18,0,0,26.66,5,ODI # 4689,New-Zealand-vs-South-Africa,New-Zealand
Glenn Phillips,c Rabada b Coetzee,60,50,87,4,4,120,6,ODI # 4689,New-Zealand-vs-South-Africa,New-Zealand
Mitchell Santner,b Maharaj,7,18,14,1,0,38.88,7,ODI # 4689,New-Zealand-vs-South-Africa,New-Zealand
Tim Southee,lbw b Jansen,7,11,11,1,0,63.63,8,ODI # 4689,New-Zealand-vs-South-Africa,New-Zealand
James Neesham,b Maharaj,0,8,6,0,0,0,9,ODI # 4689,New-Zealand-vs-South-Africa,New-Zealand
Trent Boult,c Miller b Maharaj,9,14,17,1,0,64.28,10,ODI # 4689,New-Zealand-vs-South-Africa,New-Zealand
Matt Henry,not out,0,9,20,0,0,0,11,ODI # 4689,New-Zealand-vs-South-Africa,New-Zealand
Rohit Sharma(c),b Madushanka,4,2,2,1,0,200,1,ODI # 4690,India-vs-Sri-Lanka,India
Shubman Gill,c  wk Mendis b Madushanka,92,92,136,11,2,100,2,ODI # 4690,India-vs-Sri-Lanka,India
Virat Kohli,c Nissanka b Madushanka,88,94,139,11,0,93.61,3,ODI # 4690,India-vs-Sri-Lanka,India
Shreyas Iyer,c Theekshana b Madushanka,82,56,84,3,6,146.42,4,ODI # 4690,India-vs-Sri-Lanka,India
KL Rahul wk ,c Hemantha b Chameera,21,19,34,2,0,110.52,5,ODI # 4690,India-vs-Sri-Lanka,India
Suryakumar Yadav,c  wk Mendis b Madushanka,12,9,13,2,0,133.33,6,ODI # 4690,India-vs-Sri-Lanka,India
Ravindra Jadeja,run out (Samarawickrama/ wk Mendis),35,24,41,1,1,145.83,7,ODI # 4690,India-vs-Sri-Lanka,India
Mohammed Shami,run out ( wk Mendis),2,4,11,0,0,50,8,ODI # 4690,India-vs-Sri-Lanka,India
Jasprit Bumrah,not out,1,1,1,0,0,100,9,ODI # 4690,India-vs-Sri-Lanka,India
Pathum Nissanka,lbw b Bumrah,0,1,2,0,0,0,1,ODI # 4690,India-vs-Sri-Lanka,Sri-Lanka
Dimuth Karunaratne,lbw b Mohammed Siraj,0,1,10,0,0,0,2,ODI # 4690,India-vs-Sri-Lanka,Sri-Lanka
Kusal Mendis(c) wk ,b Mohammed Siraj,1,10,21,0,0,10,3,ODI # 4690,India-vs-Sri-Lanka,Sri-Lanka
Sadeera Samarawickrama,c Iyer b Mohammed Siraj,0,4,4,0,0,0,4,ODI # 4690,India-vs-Sri-Lanka,Sri-Lanka
Charith Asalanka,c Jadeja b Mohammed Shami,1,24,42,0,0,4.16,5,ODI # 4690,India-vs-Sri-Lanka,Sri-Lanka
Angelo Mathews,b Mohammed Shami,12,25,55,1,0,48,6,ODI # 4690,India-vs-Sri-Lanka,Sri-Lanka
Dushan Hemantha,c  wk Rahul b Mohammed Shami,0,1,1,0,0,0,7,ODI # 4690,India-vs-Sri-Lanka,Sri-Lanka
Dushmantha Chameera,c  wk Rahul b Mohammed Shami,0,6,10,0,0,0,8,ODI # 4690,India-vs-Sri-Lanka,Sri-Lanka
Maheesh Theekshana,not out,12,23,37,2,0,52.17,9,ODI # 4690,India-vs-Sri-Lanka,Sri-Lanka
Kasun Rajitha,c Shubman Gill b Mohammed Shami,14,17,20,2,0,82.35,10,ODI # 4690,India-vs-Sri-Lanka,Sri-Lanka
Dilshan Madushanka,c Iyer b Jadeja,5,6,4,1,0,83.33,11,ODI # 4690,India-vs-Sri-Lanka,Sri-Lanka
Wesley Barresi,lbw b Mujeeb Ur Rahman,1,4,3,0,0,25,1,ODI # 4691,Afghanistan-vs-Netherlands,Netherlands
Max O'Dowd,run out (Azmatullah Omarzai),42,40,50,9,0,105,2,ODI # 4691,Afghanistan-vs-Netherlands,Netherlands
Colin Ackermann,run out (Rashid Khan/ wk Ikram Alikhil),29,35,71,4,0,82.85,3,ODI # 4691,Afghanistan-vs-Netherlands,Netherlands
Sybrand Engelbrecht,run out (Mohammad Nabi/ wk Ikram Alikhil),58,86,85,6,0,67.44,4,ODI # 4691,Afghanistan-vs-Netherlands,Netherlands
Scott Edwards(c) wk ,run out ( wk Ikram Alikhil),0,1,1,0,0,0,5,ODI # 4691,Afghanistan-vs-Netherlands,Netherlands
Bas de Leede,c  wk Ikram Alikhil b Mohammad Nabi,3,6,5,0,0,50,6,ODI # 4691,Afghanistan-vs-Netherlands,Netherlands
Saqib Zulfiqar,c  wk Ikram Alikhil b Noor Ahmad,3,15,19,0,0,20,7,ODI # 4691,Afghanistan-vs-Netherlands,Netherlands
Logan van Beek,st  wk Ikram Alikhil b Mohammad Nabi,2,13,16,0,0,15.38,8,ODI # 4691,Afghanistan-vs-Netherlands,Netherlands
Roelof van der Merwe,c Ibrahim Zadran b Noor Ahmad,11,33,36,0,0,33.33,9,ODI # 4691,Afghanistan-vs-Netherlands,Netherlands
Aryan Dutt,not out,10,22,42,0,0,45.45,10,ODI # 4691,Afghanistan-vs-Netherlands,Netherlands
Paul van Meekeren,lbw b Mohammad Nabi,4,24,18,0,0,16.66,11,ODI # 4691,Afghanistan-vs-Netherlands,Netherlands
Rahmanullah Gurbaz,c  wk Edwards b van Beek,10,11,24,2,0,90.9,1,ODI # 4691,Afghanistan-vs-Netherlands,Afghanistan
Ibrahim Zadran,b van der Merwe,20,34,44,2,0,58.82,2,ODI # 4691,Afghanistan-vs-Netherlands,Afghanistan
Rahmat Shah,c & b Saqib Zulfiqar,52,54,74,8,0,96.29,3,ODI # 4691,Afghanistan-vs-Netherlands,Afghanistan
Hashmatullah Shahidi(c),not out,56,64,92,6,0,87.5,4,ODI # 4691,Afghanistan-vs-Netherlands,Afghanistan
Azmatullah Omarzai,not out,31,28,38,3,0,110.71,5,ODI # 4691,Afghanistan-vs-Netherlands,Afghanistan
Devon Conway,c  wk Mohammad Rizwan b Hasan Ali,35,39,48,6,0,89.74,1,ODI # 4692,New-Zealand-vs-Pakistan,New-Zealand
Rachin Ravindra,c Saud Shakeel b Mohammad Wasim,108,94,170,15,1,114.89,2,ODI # 4692,New-Zealand-vs-Pakistan,New-Zealand
Kane Williamson(c),c Fakhar Zaman b Iftikhar Ahmed,95,79,111,10,2,120.25,3,ODI # 4692,New-Zealand-vs-Pakistan,New-Zealand
Daryl Mitchell,b Haris Rauf,29,18,32,4,1,161.11,4,ODI # 4692,New-Zealand-vs-Pakistan,New-Zealand
Mark Chapman,b Mohammad Wasim,39,27,42,7,0,144.44,5,ODI # 4692,New-Zealand-vs-Pakistan,New-Zealand
Glenn Phillips,b Mohammad Wasim,41,25,40,4,2,164,6,ODI # 4692,New-Zealand-vs-Pakistan,New-Zealand
Mitchell Santner,not out,26,17,27,0,2,152.94,7,ODI # 4692,New-Zealand-vs-Pakistan,New-Zealand
Tom Latham wk ,not out,2,2,4,0,0,100,8,ODI # 4692,New-Zealand-vs-Pakistan,New-Zealand
Abdullah Shafique,c Williamson b Southee,4,9,8,1,0,44.44,1,ODI # 4692,New-Zealand-vs-Pakistan,Pakistan
Fakhar Zaman,not out,126,81,103,8,11,155.55,2,ODI # 4692,New-Zealand-vs-Pakistan,Pakistan
Babar Azam(c),not out,66,63,93,6,2,104.76,3,ODI # 4692,New-Zealand-vs-Pakistan,Pakistan
Travis Head,c Root b Woakes,11,10,8,1,0,110,1,ODI # 4693,Australia-vs-England,Australia
David Warner,c Willey b Woakes,15,16,29,1,1,93.75,2,ODI # 4693,Australia-vs-England,Australia
Steven Smith,c Ali b Rashid,44,52,85,3,0,84.61,3,ODI # 4693,Australia-vs-England,Australia
Marnus Labuschagne,lbw b Wood,71,83,111,7,0,85.54,4,ODI # 4693,Australia-vs-England,Australia
Josh Inglis wk ,c Ali b Rashid,3,6,5,0,0,50,5,ODI # 4693,Australia-vs-England,Australia
Cameron Green,b Willey,47,52,81,5,0,90.38,6,ODI # 4693,Australia-vs-England,Australia
Marcus Stoinis,c Bairstow b Livingstone,35,32,53,3,2,109.37,7,ODI # 4693,Australia-vs-England,Australia
Pat Cummins(c),c Malan b Wood,10,13,17,1,0,76.92,8,ODI # 4693,Australia-vs-England,Australia
Mitchell Starc,c Ali b Woakes,10,13,30,0,0,76.92,9,ODI # 4693,Australia-vs-England,Australia
Adam Zampa,c  wk Buttler b Woakes,29,19,23,4,0,152.63,10,ODI # 4693,Australia-vs-England,Australia
Josh Hazlewood,not out,1,1,1,0,0,100,11,ODI # 4693,Australia-vs-England,Australia
Jonny Bairstow,c  wk Inglis b Starc,0,1,1,0,0,0,1,ODI # 4693,Australia-vs-England,England
Dawid Malan,c Head b Cummins,50,64,99,4,1,78.12,2,ODI # 4693,Australia-vs-England,England
Joe Root,c  wk Inglis b Starc,13,17,23,2,0,76.47,3,ODI # 4693,Australia-vs-England,England
Ben Stokes,c Stoinis b Zampa,64,90,128,2,3,71.11,4,ODI # 4693,Australia-vs-England,England
Jos Buttler(c) wk ,c Green b Zampa,1,7,10,0,0,14.28,5,ODI # 4693,Australia-vs-England,England
Moeen Ali,c Warner b Zampa,42,43,61,6,0,97.67,6,ODI # 4693,Australia-vs-England,England
Liam Livingstone,c sub (SA Abbott) b Cummins,2,5,6,0,0,40,7,ODI # 4693,Australia-vs-England,England
Chris Woakes,c Labuschagne b Stoinis,32,33,52,4,1,96.96,8,ODI # 4693,Australia-vs-England,England
David Willey,c Zampa b Hazlewood,15,14,19,3,0,107.14,9,ODI # 4693,Australia-vs-England,England
Adil Rashid,c  wk Inglis b Hazlewood,20,15,23,1,1,133.33,10,ODI # 4693,Australia-vs-England,England
Mark Wood,not out,0,0,1,0,0,-,11,ODI # 4693,Australia-vs-England,England
Rohit Sharma(c),c Bavuma b Rabada,40,24,32,6,2,166.66,1,ODI # 4694,India-vs-South-Africa,India
Shubman Gill,b Maharaj,23,24,54,4,1,95.83,2,ODI # 4694,India-vs-South-Africa,India
Virat Kohli,not out,101,121,195,10,0,83.47,3,ODI # 4694,India-vs-South-Africa,India
Shreyas Iyer,c Markram b Ngidi,77,87,101,7,2,88.5,4,ODI # 4694,India-vs-South-Africa,India
KL Rahul wk ,c van der Dussen b Jansen,8,17,29,0,0,47.05,5,ODI # 4694,India-vs-South-Africa,India
Suryakumar Yadav,c  wk de Kock b Shamsi,22,14,19,5,0,157.14,6,ODI # 4694,India-vs-South-Africa,India
Ravindra Jadeja,not out,29,15,21,3,1,193.33,7,ODI # 4694,India-vs-South-Africa,India
Quinton de Kock wk ,b Mohammed Siraj,5,10,9,1,0,50,1,ODI # 4694,India-vs-South-Africa,South-Africa
Temba Bavuma(c),b Jadeja,11,19,39,1,0,57.89,2,ODI # 4694,India-vs-South-Africa,South-Africa
Rassie van der Dussen,lbw b Mohammed Shami,13,32,55,1,0,40.62,3,ODI # 4694,India-vs-South-Africa,South-Africa
Aiden Markram,c  wk Rahul b Mohammed Shami,9,6,6,2,0,150,4,ODI # 4694,India-vs-South-Africa,South-Africa
Heinrich Klaasen,lbw b Jadeja,1,11,12,0,0,9.09,5,ODI # 4694,India-vs-South-Africa,South-Africa
David Miller,b Jadeja,11,11,17,2,0,100,6,ODI # 4694,India-vs-South-Africa,South-Africa
Marco Jansen,c Jadeja b Kuldeep Yadav,14,30,45,1,0,46.66,7,ODI # 4694,India-vs-South-Africa,South-Africa
Keshav Maharaj,b Jadeja,7,11,7,1,0,63.63,8,ODI # 4694,India-vs-South-Africa,South-Africa
Kagiso Rabada,c & b Jadeja,6,26,26,0,0,23.07,9,ODI # 4694,India-vs-South-Africa,South-Africa
Lungi Ngidi,b Kuldeep Yadav,0,3,7,0,0,0,10,ODI # 4694,India-vs-South-Africa,South-Africa
Tabraiz Shamsi,not out,4,4,3,1,0,100,11,ODI # 4694,India-vs-South-Africa,South-Africa
Pathum Nissanka,b Tanzim Hasan Sakib,41,36,61,8,0,113.88,1,ODI # 4695,Bangladesh-vs-Sri-Lanka,Sri-Lanka
Kusal Perera,c  wk Mushfiqur Rahim b Shoriful Islam,4,5,5,1,0,80,2,ODI # 4695,Bangladesh-vs-Sri-Lanka,Sri-Lanka
Kusal Mendis(c) wk ,c Shoriful Islam b Shakib Al Hasan,19,30,49,1,1,63.33,3,ODI # 4695,Bangladesh-vs-Sri-Lanka,Sri-Lanka
Sadeera Samarawickrama,c Mahmudullah b Shakib Al Hasan,41,42,53,4,0,97.61,4,ODI # 4695,Bangladesh-vs-Sri-Lanka,Sri-Lanka
Charith Asalanka,c Litton Das b Tanzim Hasan Sakib,108,105,159,6,5,102.85,5,ODI # 4695,Bangladesh-vs-Sri-Lanka,Sri-Lanka
Angelo Mathews,timed out,0,0,4,0,0,-,6,ODI # 4695,Bangladesh-vs-Sri-Lanka,Sri-Lanka
Dhananjaya de Silva,st  wk Mushfiqur Rahim b Mehidy Hasan Miraz,34,36,58,4,1,94.44,7,ODI # 4695,Bangladesh-vs-Sri-Lanka,Sri-Lanka
Maheesh Theekshana,c sub (Nasum Ahmed) b Shoriful Islam,21,31,35,3,0,67.74,8,ODI # 4695,Bangladesh-vs-Sri-Lanka,Sri-Lanka
Dushmantha Chameera,run out ( wk Mushfiqur Rahim),4,9,17,0,0,44.44,9,ODI # 4695,Bangladesh-vs-Sri-Lanka,Sri-Lanka
Kasun Rajitha,c Litton Das b Tanzim Hasan Sakib,0,2,1,0,0,0,10,ODI # 4695,Bangladesh-vs-Sri-Lanka,Sri-Lanka
Dilshan Madushanka,not out,0,1,3,0,0,0,11,ODI # 4695,Bangladesh-vs-Sri-Lanka,Sri-Lanka
Tanzid Hasan,c Nissanka b Madushanka,9,5,11,2,0,180,1,ODI # 4695,Bangladesh-vs-Sri-Lanka,Bangladesh
Litton Das,lbw b Madushanka,23,22,36,2,2,104.54,2,ODI # 4695,Bangladesh-vs-Sri-Lanka,Bangladesh
Najmul Hossain Shanto,b Mathews,90,101,163,12,0,89.1,3,ODI # 4695,Bangladesh-vs-Sri-Lanka,Bangladesh
Shakib Al Hasan(c),c Asalanka b Mathews,82,65,128,12,2,126.15,4,ODI # 4695,Bangladesh-vs-Sri-Lanka,Bangladesh
Mahmudullah,b Theekshana,22,23,37,3,1,95.65,5,ODI # 4695,Bangladesh-vs-Sri-Lanka,Bangladesh
Mushfiqur Rahim wk ,b Madushanka,10,13,21,1,0,76.92,6,ODI # 4695,Bangladesh-vs-Sri-Lanka,Bangladesh
Towhid Hridoy,not out,15,7,22,0,2,214.28,7,ODI # 4695,Bangladesh-vs-Sri-Lanka,Bangladesh
Mehidy Hasan Miraz,c Asalanka b Theekshana,3,5,9,0,0,60,8,ODI # 4695,Bangladesh-vs-Sri-Lanka,Bangladesh
Tanzim Hasan Sakib,not out,5,6,6,1,0,83.33,9,ODI # 4695,Bangladesh-vs-Sri-Lanka,Bangladesh
Rahmanullah Gurbaz,c Starc b Hazlewood,21,25,38,2,0,84,1,ODI # 4696,Afghanistan-vs-Australia,Afghanistan
Ibrahim Zadran,not out,129,143,217,8,3,90.2,2,ODI # 4696,Afghanistan-vs-Australia,Afghanistan
Rahmat Shah,c Hazlewood b Maxwell,30,44,61,1,0,68.18,3,ODI # 4696,Afghanistan-vs-Australia,Afghanistan
Hashmatullah Shahidi(c),b Starc,26,43,50,2,0,60.46,4,ODI # 4696,Afghanistan-vs-Australia,Afghanistan
Azmatullah Omarzai,c Maxwell b Zampa,22,18,23,1,2,122.22,5,ODI # 4696,Afghanistan-vs-Australia,Afghanistan
Mohammad Nabi,b Hazlewood,12,10,15,0,1,120,6,ODI # 4696,Afghanistan-vs-Australia,Afghanistan
Rashid Khan,not out,35,18,25,2,3,194.44,7,ODI # 4696,Afghanistan-vs-Australia,Afghanistan
David Warner,b Azmatullah Omarzai,18,29,46,3,0,62.06,1,ODI # 4696,Afghanistan-vs-Australia,Australia
Travis Head,c  wk Ikram Alikhil b Naveen-ul-Haq,0,2,5,0,0,0,2,ODI # 4696,Afghanistan-vs-Australia,Australia
Mitchell Marsh,lbw b Naveen-ul-Haq,24,11,22,2,2,218.18,3,ODI # 4696,Afghanistan-vs-Australia,Australia
Marnus Labuschagne,run out (Rahmat Shah),14,28,53,2,0,50,4,ODI # 4696,Afghanistan-vs-Australia,Australia
Josh Inglis wk ,c Ibrahim Zadran b Azmatullah Omarzai,0,1,1,0,0,0,5,ODI # 4696,Afghanistan-vs-Australia,Australia
Glenn Maxwell,not out,201,128,181,21,10,157.03,6,ODI # 4696,Afghanistan-vs-Australia,Australia
Marcus Stoinis,lbw b Rashid Khan,6,7,13,1,0,85.71,7,ODI # 4696,Afghanistan-vs-Australia,Australia
Mitchell Starc,c  wk Ikram Alikhil b Rashid Khan,3,7,8,0,0,42.85,8,ODI # 4696,Afghanistan-vs-Australia,Australia
Pat Cummins(c),not out,12,68,122,1,0,17.64,9,ODI # 4696,Afghanistan-vs-Australia,Australia
Jonny Bairstow,c van Meekeren b Dutt,15,17,29,2,0,88.23,1,ODI # 4697,England-vs-Netherlands,England
Dawid Malan,run out ( wk Edwards/van Beek),87,74,92,10,2,117.56,2,ODI # 4697,England-vs-Netherlands,England
Joe Root,b van Beek,28,35,53,1,0,80,3,ODI # 4697,England-vs-Netherlands,England
Ben Stokes,c Engelbrecht b van Beek,108,84,136,6,6,128.57,4,ODI # 4697,England-vs-Netherlands,England
Harry Brook,c Ackermann b de Leede,11,16,19,2,0,68.75,5,ODI # 4697,England-vs-Netherlands,England
Jos Buttler(c) wk ,c Nidamanuru b van Meekeren,5,11,12,0,0,45.45,6,ODI # 4697,England-vs-Netherlands,England
Moeen Ali,c de Leede b Dutt,4,15,20,0,0,26.66,7,ODI # 4697,England-vs-Netherlands,England
Chris Woakes,c  wk Edwards b de Leede,51,45,66,5,1,113.33,8,ODI # 4697,England-vs-Netherlands,England
David Willey,c Engelbrecht b de Leede,6,2,1,0,1,300,9,ODI # 4697,England-vs-Netherlands,England
Gus Atkinson,not out,2,1,7,0,0,200,10,ODI # 4697,England-vs-Netherlands,England
Adil Rashid,not out,1,1,3,0,0,100,11,ODI # 4697,England-vs-Netherlands,England
Wesley Barresi,run out (Woakes/Ali),37,62,77,3,1,59.67,1,ODI # 4697,England-vs-Netherlands,Netherlands
Max O'Dowd,c Ali b Woakes,5,11,20,1,0,45.45,2,ODI # 4697,England-vs-Netherlands,Netherlands
Colin Ackermann,c  wk Buttler b Willey,0,2,4,0,0,0,3,ODI # 4697,England-vs-Netherlands,Netherlands
Sybrand Engelbrecht,c Woakes b Willey,33,49,73,3,1,67.34,4,ODI # 4697,England-vs-Netherlands,Netherlands
Scott Edwards(c) wk ,c Malan b Ali,38,42,67,3,1,90.47,5,ODI # 4697,England-vs-Netherlands,Netherlands
Bas de Leede,b Rashid,10,12,11,2,0,83.33,6,ODI # 4697,England-vs-Netherlands,Netherlands
Teja Nidamanuru,not out,41,34,47,2,3,120.58,7,ODI # 4697,England-vs-Netherlands,Netherlands
Logan van Beek,c Malan b Rashid,2,2,3,0,0,100,8,ODI # 4697,England-vs-Netherlands,Netherlands
Roelof van der Merwe,c Rashid b Ali,0,4,3,0,0,0,9,ODI # 4697,England-vs-Netherlands,Netherlands
Aryan Dutt,b Rashid,1,3,4,0,0,33.33,10,ODI # 4697,England-vs-Netherlands,Netherlands
Paul van Meekeren,st  wk Buttler b Ali,4,3,3,1,0,133.33,11,ODI # 4697,England-vs-Netherlands,Netherlands
Pathum Nissanka,c  wk Latham b Southee,2,8,9,0,0,25,1,ODI # 4698,New-Zealand-vs-Sri-Lanka,Sri-Lanka
Kusal Perera,c Santner b Ferguson,51,28,46,9,2,182.14,2,ODI # 4698,New-Zealand-vs-Sri-Lanka,Sri-Lanka
Kusal Mendis(c) wk ,c Ravindra b Boult,6,7,11,1,0,85.71,3,ODI # 4698,New-Zealand-vs-Sri-Lanka,Sri-Lanka
Sadeera Samarawickrama,c Mitchell b Boult,1,2,2,0,0,50,4,ODI # 4698,New-Zealand-vs-Sri-Lanka,Sri-Lanka
Charith Asalanka,lbw b Boult,8,8,16,1,0,100,5,ODI # 4698,New-Zealand-vs-Sri-Lanka,Sri-Lanka
Angelo Mathews,c Mitchell b Santner,16,27,33,2,0,59.25,6,ODI # 4698,New-Zealand-vs-Sri-Lanka,Sri-Lanka
Dhananjaya de Silva,c Mitchell b Santner,19,24,36,2,1,79.16,7,ODI # 4698,New-Zealand-vs-Sri-Lanka,Sri-Lanka
Chamika Karunaratne,c  wk Latham b Ferguson,6,17,28,1,0,35.29,8,ODI # 4698,New-Zealand-vs-Sri-Lanka,Sri-Lanka
Maheesh Theekshana,not out,38,91,109,3,0,41.75,9,ODI # 4698,New-Zealand-vs-Sri-Lanka,Sri-Lanka
Dushmantha Chameera,c Boult b Ravindra,1,20,32,0,0,5,10,ODI # 4698,New-Zealand-vs-Sri-Lanka,Sri-Lanka
Dilshan Madushanka,c  wk Latham b Ravindra,19,48,56,2,0,39.58,11,ODI # 4698,New-Zealand-vs-Sri-Lanka,Sri-Lanka
Devon Conway,c de Silva b Chameera,45,42,54,9,0,107.14,1,ODI # 4698,New-Zealand-vs-Sri-Lanka,New-Zealand
Rachin Ravindra,c de Silva b Theekshana,42,34,61,3,3,123.52,2,ODI # 4698,New-Zealand-vs-Sri-Lanka,New-Zealand
Kane Williamson(c),b Mathews,14,15,26,2,0,93.33,3,ODI # 4698,New-Zealand-vs-Sri-Lanka,New-Zealand
Daryl Mitchell,c Asalanka b Mathews,43,31,45,5,2,138.7,4,ODI # 4698,New-Zealand-vs-Sri-Lanka,New-Zealand
Mark Chapman,run out (Samarawickrama/Mathews),7,6,13,1,0,116.66,5,ODI # 4698,New-Zealand-vs-Sri-Lanka,New-Zealand
Glenn Phillips,not out,17,10,15,3,0,170,6,ODI # 4698,New-Zealand-vs-Sri-Lanka,New-Zealand
Tom Latham wk ,not out,2,2,3,0,0,100,7,ODI # 4698,New-Zealand-vs-Sri-Lanka,New-Zealand
Rahmanullah Gurbaz,c Klaasen b Maharaj,25,22,45,3,1,113.63,1,ODI # 4699,Afghanistan-vs-South-Africa,Afghanistan
Ibrahim Zadran,c  wk de Kock b Coetzee,15,30,52,3,0,50,2,ODI # 4699,Afghanistan-vs-South-Africa,Afghanistan
Rahmat Shah,c Miller b Ngidi,26,46,58,2,0,56.52,3,ODI # 4699,Afghanistan-vs-South-Africa,Afghanistan
Hashmatullah Shahidi(c),c  wk de Kock b Maharaj,2,7,5,0,0,28.57,4,ODI # 4699,Afghanistan-vs-South-Africa,Afghanistan
Azmatullah Omarzai,not out,97,107,173,7,3,90.65,5,ODI # 4699,Afghanistan-vs-South-Africa,Afghanistan
Ikram Alikhil wk ,c  wk de Kock b Coetzee,12,14,16,1,1,85.71,6,ODI # 4699,Afghanistan-vs-South-Africa,Afghanistan
Mohammad Nabi,c  wk de Kock b Ngidi,2,3,7,0,0,66.66,7,ODI # 4699,Afghanistan-vs-South-Africa,Afghanistan
Rashid Khan,c  wk de Kock b Phehlukwayo,14,30,42,0,0,46.66,8,ODI # 4699,Afghanistan-vs-South-Africa,Afghanistan
Noor Ahmad,c  wk de Kock b Coetzee,26,32,36,4,0,81.25,9,ODI # 4699,Afghanistan-vs-South-Africa,Afghanistan
Mujeeb Ur Rahman,c Markram b Coetzee,8,5,7,0,1,160,10,ODI # 4699,Afghanistan-vs-South-Africa,Afghanistan
Naveen-ul-Haq,run out (Rabada),2,4,12,0,0,50,11,ODI # 4699,Afghanistan-vs-South-Africa,Afghanistan
Quinton de Kock wk ,lbw b Mohammad Nabi,41,47,58,2,3,87.23,1,ODI # 4699,Afghanistan-vs-South-Africa,South-Africa
Temba Bavuma(c),c Rahmanullah Gurbaz b Mujeeb Ur Rahman,23,28,49,3,0,82.14,2,ODI # 4699,Afghanistan-vs-South-Africa,South-Africa
Rassie van der Dussen,not out,76,95,141,6,1,80,3,ODI # 4699,Afghanistan-vs-South-Africa,South-Africa
Aiden Markram,c Naveen-ul-Haq b Rashid Khan,25,32,32,1,1,78.12,4,ODI # 4699,Afghanistan-vs-South-Africa,South-Africa
Heinrich Klaasen,b Rashid Khan,10,13,15,1,0,76.92,5,ODI # 4699,Afghanistan-vs-South-Africa,South-Africa
David Miller,c & b Mohammad Nabi,24,33,35,1,1,72.72,6,ODI # 4699,Afghanistan-vs-South-Africa,South-Africa
Andile Phehlukwayo,not out,39,37,46,1,3,105.4,7,ODI # 4699,Afghanistan-vs-South-Africa,South-Africa
Tanzid Hasan,c & b Abbott,36,34,55,6,0,105.88,1,ODI # 4700,Australia-vs-Bangladesh,Bangladesh
Litton Das,c Labuschagne b Zampa,36,45,76,5,0,80,2,ODI # 4700,Australia-vs-Bangladesh,Bangladesh
Najmul Hossain Shanto(c),run out (Labuschagne/ wk Inglis),45,57,59,6,0,78.94,3,ODI # 4700,Australia-vs-Bangladesh,Bangladesh
Towhid Hridoy,c Labuschagne b Stoinis,74,79,121,5,2,93.67,4,ODI # 4700,Australia-vs-Bangladesh,Bangladesh
Mahmudullah,run out (Labuschagne),32,28,34,1,3,114.28,5,ODI # 4700,Australia-vs-Bangladesh,Bangladesh
Mushfiqur Rahim wk ,c Cummins b Zampa,21,24,27,0,1,87.5,6,ODI # 4700,Australia-vs-Bangladesh,Bangladesh
Mehidy Hasan Miraz,c Cummins b Abbott,29,20,33,4,0,145,7,ODI # 4700,Australia-vs-Bangladesh,Bangladesh
Nasum Ahmed,run out (Abbott),7,11,15,0,0,63.63,8,ODI # 4700,Australia-vs-Bangladesh,Bangladesh
Mahedi Hasan,not out,2,3,4,0,0,66.66,9,ODI # 4700,Australia-vs-Bangladesh,Bangladesh
Taskin Ahmed,not out,0,1,2,0,0,0,10,ODI # 4700,Australia-vs-Bangladesh,Bangladesh
Travis Head,b Taskin Ahmed,10,11,11,2,0,90.9,1,ODI # 4700,Australia-vs-Bangladesh,Australia
David Warner,c Najmul Hossain Shanto b Mustafizur Rahman,53,61,90,6,0,86.88,2,ODI # 4700,Australia-vs-Bangladesh,Australia
Mitchell Marsh,not out,177,132,177,17,9,134.09,3,ODI # 4700,Australia-vs-Bangladesh,Australia
Steven Smith,not out,63,64,99,4,1,98.43,4,ODI # 4700,Australia-vs-Bangladesh,Australia
Dawid Malan,c  wk Mohammad Rizwan b Iftikhar Ahmed,31,39,61,5,0,79.48,1,ODI # 4701,England-vs-Pakistan,England
Jonny Bairstow,c Agha Salman b Haris Rauf,59,61,81,7,1,96.72,2,ODI # 4701,England-vs-Pakistan,England
Joe Root,c Shadab Khan b Shaheen Shah Afridi,60,72,115,4,0,83.33,3,ODI # 4701,England-vs-Pakistan,England
Ben Stokes,b Shaheen Shah Afridi,84,76,85,11,2,110.52,4,ODI # 4701,England-vs-Pakistan,England
Jos Buttler(c) wk ,run out (Haris Rauf),27,18,39,3,1,150,5,ODI # 4701,England-vs-Pakistan,England
Harry Brook,c Shaheen Shah Afridi b Haris Rauf,30,17,24,2,2,176.47,6,ODI # 4701,England-vs-Pakistan,England
Moeen Ali,b Haris Rauf,8,6,10,0,1,133.33,7,ODI # 4701,England-vs-Pakistan,England
Chris Woakes,not out,4,4,19,1,0,100,8,ODI # 4701,England-vs-Pakistan,England
David Willey,c Iftikhar Ahmed b Mohammad Wasim,15,5,5,2,1,300,9,ODI # 4701,England-vs-Pakistan,England
Gus Atkinson,b Mohammad Wasim,0,1,1,0,0,0,10,ODI # 4701,England-vs-Pakistan,England
Adil Rashid,not out,0,1,1,0,0,0,11,ODI # 4701,England-vs-Pakistan,England
Abdullah Shafique,lbw b Willey,0,2,2,0,0,0,1,ODI # 4701,England-vs-Pakistan,Pakistan
Fakhar Zaman,c Stokes b Willey,1,9,13,0,0,11.11,2,ODI # 4701,England-vs-Pakistan,Pakistan
Babar Azam(c),c Rashid b Atkinson,38,45,58,6,0,84.44,3,ODI # 4701,England-vs-Pakistan,Pakistan
Mohammad Rizwan wk ,b Ali,36,51,78,2,0,70.58,4,ODI # 4701,England-vs-Pakistan,Pakistan
Saud Shakeel,b Rashid,29,37,52,4,0,78.37,5,ODI # 4701,England-vs-Pakistan,Pakistan
Agha Salman,c Stokes b Willey,51,45,53,6,1,113.33,6,ODI # 4701,England-vs-Pakistan,Pakistan
Iftikhar Ahmed,c Malan b Ali,3,5,8,0,0,60,7,ODI # 4701,England-vs-Pakistan,Pakistan
Shadab Khan,b Rashid,4,7,4,1,0,57.14,8,ODI # 4701,England-vs-Pakistan,Pakistan
Shaheen Shah Afridi,lbw b Atkinson,25,23,23,3,1,108.69,9,ODI # 4701,England-vs-Pakistan,Pakistan
Mohammad Wasim,not out,16,14,33,2,1,114.28,10,ODI # 4701,England-vs-Pakistan,Pakistan
Haris Rauf,c Stokes b Woakes,35,23,27,3,3,152.17,11,ODI # 4701,England-vs-Pakistan,Pakistan
Rohit Sharma(c),c Barresi b de Leede,61,54,74,8,2,112.96,1,ODI # 4702,India-vs-Netherlands,India
Shubman Gill,c Nidamanuru b van Meekeren,51,32,49,3,4,159.37,2,ODI # 4702,India-vs-Netherlands,India
Virat Kohli,b van der Merwe,51,56,69,5,1,91.07,3,ODI # 4702,India-vs-Netherlands,India
Shreyas Iyer,not out,128,94,145,10,5,136.17,4,ODI # 4702,India-vs-Netherlands,India
KL Rahul wk ,c Engelbrecht b de Leede,102,64,98,11,4,159.37,5,ODI # 4702,India-vs-Netherlands,India
Suryakumar Yadav,not out,2,1,1,0,0,200,6,ODI # 4702,India-vs-Netherlands,India
Wesley Barresi,c  wk Rahul b Mohammed Siraj,4,5,8,0,0,80,1,ODI # 4702,India-vs-Netherlands,Netherlands
Max O'Dowd,b Jadeja,30,42,68,3,1,71.42,2,ODI # 4702,India-vs-Netherlands,Netherlands
Colin Ackermann,lbw b Kuldeep Yadav,35,32,46,6,0,109.37,3,ODI # 4702,India-vs-Netherlands,Netherlands
Sybrand Engelbrecht,b Mohammed Siraj,45,80,87,4,0,56.25,4,ODI # 4702,India-vs-Netherlands,Netherlands
Scott Edwards(c) wk ,c  wk Rahul b Kohli,17,30,27,1,0,56.66,5,ODI # 4702,India-vs-Netherlands,Netherlands
Bas de Leede,b Bumrah,12,21,23,1,0,57.14,6,ODI # 4702,India-vs-Netherlands,Netherlands
Teja Nidamanuru,c Mohammed Shami b Sharma,54,39,65,1,6,138.46,7,ODI # 4702,India-vs-Netherlands,Netherlands
Logan van Beek,b Kuldeep Yadav,16,15,20,2,0,106.66,8,ODI # 4702,India-vs-Netherlands,Netherlands
Roelof van der Merwe,c Mohammed Shami b Jadeja,16,8,5,1,2,200,9,ODI # 4702,India-vs-Netherlands,Netherlands
Aryan Dutt,b Bumrah,5,11,9,0,0,45.45,10,ODI # 4702,India-vs-Netherlands,Netherlands
Paul van Meekeren,not out,3,4,7,0,0,75,11,ODI # 4702,India-vs-Netherlands,Netherlands
Rohit Sharma(c),c Williamson b Southee,47,29,40,4,4,162.06,1,ODI # 4703,India-vs-New-Zealand,India
Shubman Gill,not out,80,66,116,8,3,121.21,2,ODI # 4703,India-vs-New-Zealand,India
Virat Kohli,c Conway b Southee,117,113,149,9,2,103.53,3,ODI # 4703,India-vs-New-Zealand,India
Shreyas Iyer,c Mitchell b Boult,105,70,114,4,8,150,4,ODI # 4703,India-vs-New-Zealand,India
KL Rahul wk ,not out,39,20,29,5,2,195,5,ODI # 4703,India-vs-New-Zealand,India
Suryakumar Yadav,c Phillips b Southee,1,2,2,0,0,50,6,ODI # 4703,India-vs-New-Zealand,India
Devon Conway,c  wk Rahul b Mohammed Shami,13,15,26,3,0,86.66,1,ODI # 4703,India-vs-New-Zealand,New-Zealand
Rachin Ravindra,c  wk Rahul b Mohammed Shami,13,22,39,3,0,59.09,2,ODI # 4703,India-vs-New-Zealand,New-Zealand
Kane Williamson(c),c Yadav b Mohammed Shami,69,73,116,8,1,94.52,3,ODI # 4703,India-vs-New-Zealand,New-Zealand
Daryl Mitchell,c Jadeja b Mohammed Shami,134,119,180,9,7,112.6,4,ODI # 4703,India-vs-New-Zealand,New-Zealand
Tom Latham wk ,lbw b Mohammed Shami,0,2,1,0,0,0,5,ODI # 4703,India-vs-New-Zealand,New-Zealand
Glenn Phillips,c Jadeja b Bumrah,41,33,58,4,2,124.24,6,ODI # 4703,India-vs-New-Zealand,New-Zealand
Mark Chapman,c Jadeja b Kuldeep Yadav,2,5,5,0,0,40,7,ODI # 4703,India-vs-New-Zealand,New-Zealand
Mitchell Santner,c Sharma b Mohammed Siraj,9,10,20,0,0,90,8,ODI # 4703,India-vs-New-Zealand,New-Zealand
Tim Southee,c  wk Rahul b Mohammed Shami,9,10,14,1,0,90,9,ODI # 4703,India-vs-New-Zealand,New-Zealand
Trent Boult,not out,2,2,5,0,0,100,10,ODI # 4703,India-vs-New-Zealand,New-Zealand
Lockie Ferguson,c  wk Rahul b Mohammed Shami,6,3,2,0,1,200,11,ODI # 4703,India-vs-New-Zealand,New-Zealand
Quinton de Kock wk ,c Cummins b Hazlewood,3,14,27,0,0,21.42,1,ODI # 4704,Australia-vs-South-Africa,South-Africa
Temba Bavuma(c),c  wk Inglis b Starc,0,4,5,0,0,0,2,ODI # 4704,Australia-vs-South-Africa,South-Africa
Rassie van der Dussen,c Smith b Hazlewood,6,31,53,0,0,19.35,3,ODI # 4704,Australia-vs-South-Africa,South-Africa
Aiden Markram,c Warner b Starc,10,20,24,2,0,50,4,ODI # 4704,Australia-vs-South-Africa,South-Africa
Heinrich Klaasen,b Head,47,48,76,4,2,97.91,5,ODI # 4704,Australia-vs-South-Africa,South-Africa
David Miller,c Head b Cummins,101,116,138,8,5,87.06,6,ODI # 4704,Australia-vs-South-Africa,South-Africa
Marco Jansen,lbw b Head,0,1,1,0,0,0,7,ODI # 4704,Australia-vs-South-Africa,South-Africa
Gerald Coetzee,c  wk Inglis b Cummins,19,39,42,2,0,48.71,8,ODI # 4704,Australia-vs-South-Africa,South-Africa
Keshav Maharaj,c Smith b Starc,4,8,13,0,0,50,9,ODI # 4704,Australia-vs-South-Africa,South-Africa
Kagiso Rabada,c Maxwell b Cummins,10,12,18,0,1,83.33,10,ODI # 4704,Australia-vs-South-Africa,South-Africa
Tabraiz Shamsi,not out,1,5,11,0,0,20,11,ODI # 4704,Australia-vs-South-Africa,South-Africa
Travis Head,b Maharaj,62,48,62,9,2,129.16,1,ODI # 4704,Australia-vs-South-Africa,Australia
David Warner,b Markram,29,18,29,1,4,161.11,2,ODI # 4704,Australia-vs-South-Africa,Australia
Mitchell Marsh,c van der Dussen b Rabada,0,6,5,0,0,0,3,ODI # 4704,Australia-vs-South-Africa,Australia
Steven Smith,c  wk de Kock b Coetzee,30,62,102,2,0,48.38,4,ODI # 4704,Australia-vs-South-Africa,Australia
Marnus Labuschagne,lbw b Shamsi,18,31,28,2,0,58.06,5,ODI # 4704,Australia-vs-South-Africa,Australia
Glenn Maxwell,b Shamsi,1,5,8,0,0,20,6,ODI # 4704,Australia-vs-South-Africa,Australia
Josh Inglis wk ,b Coetzee,28,49,66,3,0,57.14,7,ODI # 4704,Australia-vs-South-Africa,Australia
Mitchell Starc,not out,16,38,61,2,0,42.1,8,ODI # 4704,Australia-vs-South-Africa,Australia
Pat Cummins(c),not out,14,29,32,2,0,48.27,9,ODI # 4704,Australia-vs-South-Africa,Australia
Rohit Sharma(c),c Head b Maxwell,47,31,44,4,3,151.61,1,ODI # 4705,India-vs-Australia,India
Shubman Gill,c Zampa b Starc,4,7,21,0,0,57.14,2,ODI # 4705,India-vs-Australia,India
Virat Kohli,b Cummins,54,63,99,4,0,85.71,3,ODI # 4705,India-vs-Australia,India
Shreyas Iyer,c  wk Inglis b Cummins,4,3,3,1,0,133.33,4,ODI # 4705,India-vs-Australia,India
KL Rahul wk ,c  wk Inglis b Starc,66,107,133,1,0,61.68,5,ODI # 4705,India-vs-Australia,India
Ravindra Jadeja,c  wk Inglis b Hazlewood,9,22,33,0,0,40.9,6,ODI # 4705,India-vs-Australia,India
Suryakumar Yadav,c  wk Inglis b Hazlewood,18,28,57,1,0,64.28,7,ODI # 4705,India-vs-Australia,India
Mohammed Shami,c  wk Inglis b Starc,6,10,9,1,0,60,8,ODI # 4705,India-vs-Australia,India
Jasprit Bumrah,lbw b Zampa,1,3,5,0,0,33.33,9,ODI # 4705,India-vs-Australia,India
Kuldeep Yadav,run out (Labuschagne/Cummins),10,18,28,0,0,55.55,10,ODI # 4705,India-vs-Australia,India
Mohammed Siraj,not out,9,8,13,1,0,112.5,11,ODI # 4705,India-vs-Australia,India
David Warner,c Kohli b Mohammed Shami,7,3,6,1,0,233.33,1,ODI # 4705,India-vs-Australia,Australia
Travis Head,c Shubman Gill b Mohammed Siraj,137,120,166,15,4,114.16,2,ODI # 4705,India-vs-Australia,Australia
Mitchell Marsh,c  wk Rahul b Bumrah,15,15,15,1,1,100,3,ODI # 4705,India-vs-Australia,Australia
Steven Smith,lbw b Bumrah,4,9,11,1,0,44.44,4,ODI # 4705,India-vs-Australia,Australia
Marnus Labuschagne,not out,58,110,133,4,0,52.72,5,ODI # 4705,India-vs-Australia,Australia
Glenn Maxwell,not out,2,1,1,0,0,200,6,ODI # 4705,India-vs-Australia,Australia
